Project Id;Project Goal
1;Nuestro laboratorio pretende integrar a la comunidad ciudadana en la gestión digital y análisis de información arqueológica relacionado con diversos proyectos cientificos desarrollados por la Universidad Carlos III de Madrid
2;El objetivo es llegar al máximo número de personas mayores de 50 años para crearles itinerarios de actividades (utilizando cuestionarios dinámicos basados en IA) con objeto de mantener o mejorar las capacidades cognitivas, haciendo un seguimiento regular para ajustar las estrategias y para crear una potente base de datos de gran interés para la investigación psicológica y neurocientífica.
3;"A nivel mundial, la luz artificial nocturna (ALAN) está aumentando. Las estimaciones actuales indican una tasa de crecimiento del 2,2% anual como límite inferior. Su crecimiento rápido y no planificado de la luz durante la noche trae desafíos tales como: mayor contaminación lumínica, riesgos para la salud, desperdicio de recursos, infraestructura inadecuada y mayor vulnerabilidad de los ecosistemas. La importancia de un método eficaz de medición del crecimiento es fundamental para gestionar estos problemas y, por supuesto, desde una fuente robusta y fiable de datos nocturnos.
Cities at Night lidera esta misión, y gracias a la ciencia ciudadana, construir el primer mapa a color de la tierra por la noche. ¿Cómo?, tomando la mejor fuente pública de datos de teledetección nocturna, las imágenes de la ISS, donde los ciudadanos podrán localizar, etiquetar y georreferenciarlas."
4;El objetivo de FuenAragón es elaborar un mapa con las fuentes y manantiales naturales que existen en Aragón.
5;El Laboratorio de Salud Urbana es un espacio colaborativo de experimentación, aprendizaje y práctica para fomentar la participación comunitaria en la construcción de barrios más resilientes, saludables, sostenibles e inclusivos.
6;Es el proyecto anual de nuestro colegio. Perseguimos la toma de conciencia de la singularidad de los territorios y paisajes valencianos y cómo éstos han determinado la cosmovisión histórica de los habitantes
7;"URBANOME es un proyecto de 4 años que se centra en áreas de investigación relacionadas con el clima, el medio ambiente y sus interacciones con la salud y el bienestar en entornos urbanos.
En este sentido, el objetivo general de URBANOME es promover la salud, el bienestar y la habitabilidad urbana mediante la integración de las cuestiones de salud en las políticas urbanas y en los hábitos de los ciudadanos; todo ello basado en evidencias detalladas y completas sobre los determinantes de la salud ambiental, la distribución espacial de los ciudadanos y su impacto, considerando también sus diferentes estilos de vida y comportamientos."
8;REC-LIT es un proyecto interdisciplinar de investigación teórica y aplicada para la era post-digital, post-global y post-data. Se centra en las estrategias y modelos de reciclaje de los textos literarios en el hipermedia, así como en las posibilidades de reapropiación de lo textual-literario cuando ya estudiantes y usuarios todos han tomado como marco de referencia cultural los productos del hipermedia. En particular, durante nuestro trabajo con los ciudadanos de la Universidad  para Mayores de la Universidad Complutense, hemos buscado marcas de la era postdigital en la que vivimos  dentro de novelas contemporáneas.
9;Contribuir de forma participativa a conservar la memoria audiovisual de los movimientos sociales y reconocer la Memoria Colectiva como parte de una perspectiva plural de la Historia.
10;La recreación y recuperación de instrumentos musicales cerámicos desde la Protohistoria hasta la Edad Media para incorporarlos a la didáctica musical.
11;"La promoción de un proceso de intervención social dirigido a fomentar la inclusión de las personas mayores que viven en residencias y cohousing en un barrio de la ciudad de Treviso (Italia). El proyecto pretende fomentar la creación de una comunidad vecinal basada en las relaciones y acciones de ayuda y apoyo mutuo como vehículo de responsabilidad recíproca y ""seguridad social"" (Gilbert, 2000, 2009), elemento que parece desempeñar un papel significativo para favorecer el bienestar psicológico del individuo."
12;El objetivo principal del proyecto es ofrecer a profesorado y alumnado herramientas para que puedan crear noticias y desmontar bulos.
13;Wikiesfera trabaja para identificar y corregir las brechas que existen en la representación del conocimiento en Wikipedia.
14;Sensibilizar ante uno de los mayores problemas ambientales y menos conocido: La progresiva desaparición de los insectos
15;RedPROMAR es una red de ciencia ciudadana impulsada por el Gobierno de Canarias, formada por personas y entidades comprometidas con la conservación y generación de conocimiento sobre el medio marino de Canarias y de la Macaronesia en general, con la finalidad de llevar a cabo el seguimiento y vigilancia de la vida marina de esta región.
16;Propuesta didáctica que aúna  STEM y ciencia ciudadana, basada en el estudio de enfermedades emergentes.
17;"La Colmena Cultural:
Registramos y creamos el mapa del término municipal con los Puntos de Interés Patrimonial, con el apoyo de los propios vecinos, centros escolares, asociaciones, cronistas oficiales, etc…
Estos lugares de interés se puntúan por dificultad para encontrarlos, pudiendo realizar concursos, a modo de juego de orientación.
El objetivo principal es conocer y reconocer nuestro patrimonio mas cercano, dándole visibilidad e importancia ""sólo se valora lo que se conoce, lo demás no existe"""
18;Estamos midiendo la contaminación del aire (PM2,5) con dispositivos móviles mientras pedaleamos por las calles de 14 ciudades españolas que suman 9 millones de habitantes: Madrid, Barcelona, Valencia, Zaragoza, Málaga, Alicante, Valladolid, Vigo, Gijón, Terrassa, Cartagena, Burgos, Albacete y Lorca.
19;Preservar, conocer y difundir el patrimonio rural de Burgos (y por extensión el de las provincias limítrofes)
20;Conocer la distribución de pulgas y garrapatas en Aragón.
21;SeCosta es un proyecto de ciencia ciudadana que tiene como objetivo obtener medidas del medio marino al tiempo que sirve de hilo conductor para proyectos educativos.
22;Este proyecto integrará datos de seguimiento estructurados, datos de ciencia ciudadana y herramientas de modelización cuantitativa de vanguardia para mejorar el conocimiento de las dinámicas de la presencia y abundancia de especies en amplias escalas espaciales e informar del uso potencial de todos los datos actuales disponibles para evaluar la biodiversidad y el efecto del cambio global.
23;"Se trata de un proyecto de investigación-acción que tiene como finalidad analizar los procesos de transformación de las plantas bajas de los edificios, situados en diferentes espacios identitarios de la ciudad de Barcelona, comparando la situación previa a la pandemia con la situación actual.

Ha permitido identificar posibles procesos de transformación que amenazan el Derecho a la Ciudad de las vecinas debido al cierre de actividades por la inminente crisis socioeconómica derivada del confinamiento a causa de la COVID-19 .

Además, dado los diferentes perfiles de los ejes de estudio se ha podido explorar las posibles relaciones entre la resiliencia del tejido y fenómenos como la gentrificación productiva, la tematización del espacio público o el desplazamiento simbólico de la población residente.

De esta forma se trata de poner en valor cómo las actividades en planta baja no solo cumplen una función económica de abastecimiento y acceso a comercio y servicios, sino que operan como referentes simbólicos comunitarios como conjunto y espacios de relación ciudadana para las vecinas del barrio."
24;MicroMundo (www.ucm.es/small-world-initiative) es la adaptación a Aprendizaje-Servicio (ApS) de la estrategia de crowdsourcing y ciencia ciudadana internacional Tiny Earth (www.tinyearthnet.org). Su objetivo de servicio esencial es acercar la cultura científica, la perspectiva One Health y la investigación biomédica a la sociedad, poniendo el foco en jóvenes estudiantes para fomentar la vocación por formación en Grados STEM y por la investigación.
25;"MonuMAI es un proyecto de ciencia ciudadana de la Fundación Descubre y la Universidad de Granada que ofrece la oportunidad de acercarnos a los grandes estilos artísticos de la Andalucía Medieval y de la Edad Moderna, que son los que más han contribuido a la génesis de los centros históricos andaluces, aunando patrimonio, matemáticas e inteligencia artificial. 

Pretendemos, junto a los ciudadanos-investigadores, entrenar al algoritmo, enseñarle a identificar estos estilos arquitectónicos a partir de una fotografía."
26;El principal objetivo del proyecto es promocionar una educación sostenible e inclusiva a través del desarrollo y de la investigación ciudadana del compostaje de residuos orgánicos realizados por centros escolares. Se pretende fortalecer una educación experiencial y en la diversidad, que ponga la comunidad escolar y el colectivo de personas con discapacidad intelectual en el centro participando activamente de la transformación de su entorno hacía una transición ecológica sostenible.
27;"DeVOTE busca proporcionar evidencia inédita sobre lo que significa votar para los ciudadanos y examinar las variaciones de los ""significados"" entre individuos y entre tipos de democracias.

Esto permitirá extraer conclusiones fundadas empíricamente y una nueva comprensión de las conceptualizaciones ciudadanas de la representación y la psicología del voto. Los resultados de la investigación pueden desafiar la sabiduría convencional sobre la participación y el voto, así como también conducir a implicancias prácticas sobre cómo se llevan a cabo y administran las elecciones."
28;El objetivo es concienciar a la ciudadanía acerca de la importancia de mantener y conservar la agrobiodiversidad
29;Apoyar la participación de personas, asociaciones, educadores y grupos entusiastas de la naturaleza, además de fomentar el conocimiento del mundo natural, aprender sobre biodiversidad y compartir las observaciones.
30;La finalidad del proyecto de ciencia ciudadana es fomentar la participación de la ciudadanía, en primer lugar, en la investigación y análisis de la contaminación y en prevenir de una manera sostenible la acumulación de plásticos en ecosistemas de montaña. En segundo lugar, fomentamos con la ciudadanía la co-creación de modelos sustitutivos sostenibles para hacer compatible el turismo con la conservación de los ecosistemas fluviales.
31;"Divulgar las actividades públicas, privadas y de ""pioneros"" del espacio en España desarrolladas desde principios del siglo XX y que son en gran medida desconocidas para el gran público e incluso, para los profesionales. Exponer impresos en 3D los diferentes satélites de titularidad española desde el año 1975, cuyo  número se multiplicó a partir del 2002 con el surgimiento de los cubesats. Recepción por radio (actividad maker) de los cubesats y picosat de satélites de radioaficionados españoles así como privados Fossasat y similares."
32;El objetivo principal del proyecto es analizar el impacto de la implementación de medidas de gestión colaborativa de la medicación en casos de desordenes graves de la salud mental, tanto en el bienestar de las personas afetadas como en el de todas aquellas de su entorno implicadas en el proceso de atención y recuperación.
33;YouCount es un proyecto de ciencia ciudadana que busca mejorar la inclusión social de las personas jóvenes en Europa.
34;
35;El objetivo principal de este proyecto es acercar la ciencia micológica a la población en general y en particular a sectores de la población (mujeres y hombres del medio rural), que habitualmente se quedan al margen del proceso científico, involucrándolos en la obtención de los datos y reconociendo el valor científico de su conocimiento de campo acumulado.
36;"MedusApp es un proyecto que nació para que los ciudadanos actuaran como los ""ojos de la ciencia"" donde ella no podía llegar, para conocer los movimientos de las medusas a una escala mucho mayor que la que podían abarcar los científicos, acabó de rebote sirviendo también a la ciudadanía, pues alerta a los usuarios de las playas de la presencia de estos animales en su proximidad."
37;"a) Contribuir a la retirada de plomo de los fondos marinos, reduciendo el Impacto ambiental negativo de residuos o “recursos valiosos abandonados” en pro de la biodiversidad de los ecosistemas.

b) Promover la recuperación y re-manufacturación de plomos y plomadas con el material recolectado, reincorporándolo de nuevo al ciclo de producción, favoreciendo la eficaz Economía Circular.

c) Mostrar un ejemplo de la Responsabilidad Social Corporativa de empresas que apoyan la conservación de la biodiversidad marina apoyando a una organización sin ánimo de lucro, como una forma de financiación e inversión comunitaria, así como todas las que quieran apoyar esta iniciativa."
38;El Observatorio de la Biodiversidad Agraria (OBA) tiene por objetivo crear una red de monitoreo (abierta a todos, agricultores, técnicos, etc) de la biodiversidad agraria que pueda evaluar los impactos de los manejos agrarios basada en bioindicadores.
39;"El objetivo principal de MEDNIGHT es mostrar los problemas comunes a los países de la cuenca mediterránea, y visibilizar a científicas (principalmente) y científicos que investigan para dar solución a esos problemas. Los problemas comunes a 22 países de la cuenca mediterránea que hemos destacado son clima y energías, mar y contaminación, geología y biodiversidad, y también, incorporación de las mujeres a las carreras de ciencias, además de la importancia de fomentar nuevas vocaciones en ciencias del futuro (computación cuántica, investigación en física de partículas etc) y en ciencia de la salud. 
MEDNIGHT se celebra en el marco de la Noche Europea de las Investigadoras (European Researchers' Night), un proyecto de divulgación científica promovido y financiado por la Comisión Europea como parte de las acciones Marie Sklodowska-Curie (acuerdo de subvención nº 101036107) del programa Horizonte 2020."
40;Investigar los procesos de participación vinculados con los movimientos sociales que pueden ser relevantes para un territorio, como parte del patrimonio inmaterial de la sociedad en un lugar.
41;Evaluar el estado de las praderas de Posidonia oceanica. Concienciar a la población de los problemas ambientales que sufre el mar Mediterráneo y de la importancia de conservar las praderas de fanerógamas marinas.
42;Trazar la abundancia de plantas amenazadas, indicadoras de habitats, cambios globales, raras... y sus amenazas
43;El recoger fenómenos meteorológicos singulares que pueden escapar a las redes de observación radicionales y de teledetección mejora nuestro conocimiento de la actividad meteorológica, nos ayuda a comprender las circunstancias en las que se producen fenómenos que por su rareza no tenemos bien estudiados, mejorando nuestra capacidad de predecirlos y de analizar su evolución, con el posible aumento de episodios que pudiera derivarse del cambio climático
44;"El Proyecto SAFE es una iniciativa del Ministerio para la Transición Ecológica y el Reto Demográfico (MITECO), que desarrolla la Estación Biológica de Doñana (EBD-CSIC) y en el que participa la SECEM, junto a otras dos asociaciones científicas, la AHE y SEO/BirdLife.
Con este proyecto de ciencia ciudadana pretendemos cuantificar la mortalidad de fauna causada por atropellos en las carreteras españolas, evaluar qué especies se ven más afectadas por esta problemática, conocer los factores que influyen en los atropellos e identificar aquellos lugares que generen una mortalidad especialmente elevada. A partir de los resultados obtenidos podrán proponerse actuaciones que permitan mitigar el impacto de los atropellos sobre la fauna y los accidentes de tráfico por colisión con animales."
45;"Mobionrural se crea para poder observar la trazabilidad de
personas de entornos rurales que ocupan el vehículo en sus desplazamientos,
medir la intensidad de flujos o la capacidad de carga del actual sistema de
movilidad privada, con el reto de profundizar en el diseño de un modelo de
transporte público rural activo “bajo demanda” y promover sistemas mixtos de
movilidad que incluyan todas las fórmulas: públicas, privadas o colaborativas."
46;OpenTEK se centra en la documentación participativa de observaciones de impactos locales del cambio climático para complementar con conocimientos locales la investigación científica basada en datos meteorológicos y modelos climáticos.
47;Proyecto financiado con el principal objetivo de apoyar la comunicación, la formación y la difusión de información sobre las especies invasoras (EEI) acuáticas en España y Portugal
48;Cómo democratizar el análisis de ancestros. Un proyecto DIYBio para concienciar sobre el camino recorrido por la especie humana, y como ha quedado ese camino grabado en su ADN mitocondrial.
49;Una ciudad que cuida ha de ser un referente donde sus ciudadanos puedan envejecer saludablemente y participar cocreando de forma activa, las condiciones, servicios y estructuras, en la mejora del bien común. Debe permitir integrar los valores y los procesos para abordar el final de la vida en paz y dignidad, enmarcada en un entorno de innovación y conocimiento basado en la creatividad y alta tecnología, y comprometida con la promoción y protección de la salud de todos sus ciudadanos. El bienestar para todos, en comunidades inclusivas, seguras, resilientes y sostenibles.
50;"El objetivo del Aula Taller Museo de las Matemáticas Pi-ensa es acercar las Matemáticas a la ciudadanía. Divulgar esta ciencia y revestir el rechazo que muchas personas presentan hacia ella.
Fomentar el pensamiento matemático y el espíritu crítico de la sociedad.
Aumentar la cultura matemática.
Queremos seguir realizando nuevas acciones en esta línea"
51;eBird recoge datos de abundancia y presencia de aves en todo el globo y pone a disposición de la sociedad estos datos para su análisis y uso en cualquier programa relacionado. Así mismo ofrece un paquete de análisis básico para todo usuario o persona interesada en la distribución y abundancia de las aves.
52;La aplicación Aragón Open Air Museum permite a sus usuarios planificar y recorrer rutas por nuestro territorio conociendo en profundidad nuestro patrimonio urbano, artístico y arqueológico.
53;"Si observamos el paisaje de la provincia de Burgos, vemos como éste se ha ido modelando poco a poco por el ser humano, que lo ha ido transformando desde tiempos ancestrales hasta nuestros días. Convivía con él, se adaptaba a él, se aprovechaba de él, siendo sus habitantes, sus construcciones, su uso y manejo, parte vital del mismo, creando así lo que podemos llamar el “paisaje cultural castellano”.

La intensificación agroganadera y la urbanización poco estética y sin control, junto a la pérdida de conocimientos e identidad debido al desarraigo provocado por la despoblación, entre otras cuestiones, están poco a poco acabando con este espectacular paisaje rural burgalés, que es mucho más que una bonita estampa.

Palomares, tenadas, hornos de pez, salinas, chozos, molinos, lagares, colmenares…son sólo el reflejo actual de cientos de años de duro trabajo aprovechando los recursos naturales de forma sostenible y respetuosa, generando biodiversidad, conocimiento, cultura, arraigo, economía y vida.

Aún estamos a tiempo de preservar este ingente patrimonio (en gran parte en ruina o casi) y para ello, desde la Fundación Oxígeno, nos ponemos manos a la obra, motivando a decenas de personas voluntarias, vinculadas a cada pueblo y rincón, a echar una mano.

Este primer inventario comunitario, participativo y popular, tiene como objetivo la cultura tradicional apícola burgalesa, las abejas, las colmenas, la miel y la arquitectura rural ligada a este oficio."
54;Pretendemos acercar y sensibilizar a la población y a la ciudadanía , fundamentalmente las personas que viven en el Espacio Natural Sierra Norte. Conocer e interpretar el medio natural  y hacer acciones que faciliten la mejora ambiental y el comportamiento de las personas que visitan disfrutan de su tiempo libre.
55;"El Observatorio ciudadano de mariposas urbanas uBMS nace en 2018 como una red colaborativa de voluntarios que aúnan esfuerzos para obtener datos sobre las poblaciones de mariposas en las ciudades de Barcelona y Madrid, y desde el 2021 también en la ciudad de Sabadell. Así se obtendrán datos relevantes para evaluar y entender la biodiversidad urbana, y con ello herramientas de gestión que fomenten su aumento en nuestras ciudades.

El uBMS se une a la red internacional de Programas de Seguimiento de Mariposas (abreviados BMS, del inglés Butterfly Monitoring Schemes), vigente en más de 25 países, entre ellos el programa BMS España y el catalán CBMS.


El objetivo general es obtener datos mensuales de presencia y abundancia de las especies presentes en las ciudades de Barcelona y Madrid para entender la ecología de las especies en los medios urbanos a lo largo de los años. Los objetivos específicos:

Conocer la diversidad de mariposas en nuestras ciudades y su evolución a lo largo del tiempo
Crear un indicador de calidad de biodiversidad urbana
Entender que características de la ciudad fomentan la biodiversidad y cuales la limitan
Proporcionar recomendaciones de gestión de los jardines y su entorno para favorecer la biodiversidad en las ciudades"
56;La Plataforma para la gestión de Riesgos geológicos en el Atlántico (AGEO) tiene como objetivo poner en marcha 5 pilotos de Observatorios Ciudadanos en 5 países europeos sobre riesgos geológicos en la región atlántica. AGEO está siendo desarrollada en consorcio con la Universidad de Lisboa como asociado principal y numerosos asociados adicionales de Portugal, España, Francia, Irlanda y el Reino Unido. AGEO es un proyecto financiado por el programa Interreg Espacio Atlántico, bajo la prioridad 3: fortalecer la resiliencia del territorio frente a los riesgos de origen natural, climático y humano
57;"¿Alguna vez has buscado Enfermera en internet?
Si lo has hecho ¿crees que la Enfermería es eso?
Yo sí lo he buscado y desde luego que #EsaNoSoyYo.

En la última década la Enfermería, como profesional del Cuidado, ha conseguido muchos avances pero éstos no se han traducido en la imagen que los medios de comunicación proyectan sobre ella (cofia, minifalda, sólo mujeres vocacionales, etc), perpetuando una percepción social de la Enfermería injusta y obsoleta. 
Esto tiene consecuencias en el trato que recibimos como profesionales (contratos precarios, salario menor con respecto a otros profesionales del mismo nivel formativo, techos de cristal, menos acceso a los puestos de liderazgo, etc) y es necesario cambiarlo... ¿será porque el cuidado, históricamente, es algo realizado por mujeres? 

Para cambiar un problema, primero hay que visibilizarlo y medirlo. Con este proyecto de Ciencia Ciudadana pretendemos sensibilizar a la población, detectar y analizar lo que hemos llamado #FakeNurses. Con esta información crearemos una Guía de Estilo de la Enfermería dirigida a los profesionales de la comunicación."
58;RedEXOS es una Red de Alerta Temprana de especies exóticas con potencial para invadir cualquier espacio del archipiélago canario. Su objetivo es evitar el establecimiento de Especies Exóticas Invasoras (EEI) recogidas en el Catálogo Español de EEI, de especies con potencial invasor en Canarias que puedan ser identificadas como tales por la Comunidad Autónoma de Canarias, o de EEI recogidas en la Lista de especies exóticas invasoras preocupantes para la región ultraperiférica de las islas Canarias, así como sobre nuevos focos de aparición en puntos donde anteriormente no se encontraban presentes.
59;"(1) Evaluar la usabilidad una aplicación móvil que integra datos de salud individual, genera recomendaciones preventivas personalizadas y suministra de información sobre el Mapa de Activos de Salud del Ayuntamiento de Barcelona y 
(2) Evaluar la eficacia de dicha aplicación sobre el control de los factores de riesgo cardiovascular: reducción del consumo de tabaco y el peso, desarrollo regular de actividad física y de una dieta saludable; y cambios en la glicemia, presión arterial, colesterol y en la calidad de vida relacionada con la salud"
60;Poner en valor y dar a conocer a la sociedad yacimientos y localizaciones arqueológicas, históricas o etnográficas mediante el uso de las nuevas tecnologías. Todos los ciudadanos pueden aportar sus conocimientos y compartirlos con el resto creando recursos educativos y culturales geolocalizados.
61;Crear una base de datos con imágenes compartidas de la playa, con el fin de involucrar a la ciudadanía en el seguimiento de los cambios que experimenta la playa
62;El Observatorio Ciudadano de la Sequía es un portal de ciencia ciudadana para avanzar en el mejor conocimiento del riesgo de sequía en España. Para ello, propone una nueva metodología que favorece el trabajo deliberativo y colaborativo, facilita una participación pública activa y real y mejora los procesos de toma de decisiones en materia de gestión del agua y de la sequía y, en definitiva, el necesario diálogo entre la ciencia, la política y la sociedad.
63;“Picture your Microbes” es un proyecto de participación pública, con el objetivo principal de empoderar a los ciudadanos con factores de riesgo para desarrollar enfermedades no transmisibles, particularmente aquellas personas que viven con sobrepeso u obesidad, creando conciencia sobre la importancia de cuidar las comunidades bacterianas (microbioma) que viven en nuestros cuerpos.
64;En el 2007, la Asociación Hippocampus, ante el desconocimiento prácticamente total de la biología y ecología del caballito de mar (Hippocampus guttulatus) en el Mar Menor, se puso de manifiesto la necesidad de abordar una serie de estudios destinados a recabar la máxima información posible sobre esta especie, para poder desarrollar en un futuro próximo toda una serie de medidas de gestión destinadas a la recuperación de la especie y/o la introducción de medidas paliativas que evitasen su total desaparición de acuerdo con la legislación vigente
65;"El proyectoAquaCoLab es un proyecto de Ciencia Ciudadana ambiental de la Universidad de Burgos (UBU), desarrollado por la Oficina Verde (UBUverde) y con la colaboración de la Fundación Española para la Ciencia y la Tecnología - Ministerio de Ciencia e Innovación. 

El principal objetivo es implementar una metodología de participación ciudadana para el monitoreo de la calidad de los sistemas de agua dulce a través de laboratorios colaborativos (CoLabs: sociedad en general, asociaciones, ayuntamientos, colegios, universidad etc) usando diferentes plataformas de ciencia ciudadana, que permitan:

1) obtener un mapa colaborativo de calidad ambiental de los sistemas de agua dulce de la provincia de Burgos.

2) incrementar la cultura científica ayudando a mejorar el conocimiento, la valoración ambiental y una innovación responsable de los sistemas de agua dulce.

3) impulsar y mejorar la participación activa de la sociedad en el estudio y cuidado de estos ecosistemas."
66;Fundesplai promueve la ciencia ciudadana en el ámbito educativo como herramienta de sensibilización, participación y transformación social. Lo hace a través de dos vertientes: la participación directa en iniciativas y proyectos existentes, y el análisis y difusión de su potencial educativo.
67;WeCount es un proyecto europeo de ciencia ciudadana para monitorizar y medir la movilidad en la ciudad. Tenemos una clara misión: empoderar a la ciudadanía para informar políticas públicas en diseño urbano y movilidad.
68;Gracias a los datos aportados por los ciudadanos a través de una aplicación para dispositivos móviles podemos completar la información sobre basuras marinas, para avanzar en la búsqueda de soluciones a este problema.
69;"El proyecto ‘LIBERA, unidos contra la basuraleza’ nace en el año 2017 para frenar las consecuencias de la basura abandonada en los espacios naturales, la basuraleza, en los diferentes ecosistemas españoles. Fue creado por la ONG ambiental decana de España, SEO/BirdLife, en alianza con Ecoembes, la organización medioambiental sin ánimo de lucro que promueve la economía circular a través del reciclaje de los envases.

El objetivo de esta iniciativa es concienciar y movilizar a la ciudadanía para mantener los espacios naturales libres de basura y que podamos, de esta manera, liberar mucha más vida en favor de la biodiversidad. Para ello, desde LIBERA planteamos un abordaje integral del problema, en tres ejes de acción: conocimiento, prevención y participación."
70;El objetivo principal del Proyecto es generar una plataforma digital colaborativa entre cazadores y científicos que permita obtener información sobre la dinámica poblacional de las especies cinegéticas para promover una gestión sostenible de las mismas
71;Conocer y cuidar el entorno que nos rodea, dando importancia a las aves de entornos urbanos
72;"El objetivo es abordar cinco cuestiones científicas principales en el ámbito de la ciencia ciudadana, con el objetivo de mejorar estos proyectos, de modo que puedan complementar cada vez más la información científica y contribuir a un seguimiento más eficaz de la biodiversidad. Estas cinco preguntas son: ¿Cuál es el contexto social de un proyecto de ciencia ciudadana y qué puntos deben tenerse en cuenta al diseñar un proyecto de ciencia ciudadana?; ¿Cuáles son los beneficios y limitaciones existentes y potenciales para que los diferentes grupos de ciudadanos participen en un proyecto de ciencia del registro de biodiversidad ciudadana, utilizando como caso de estudio diversos proyectos de ciencia ciudadana portuguesa en el área de la biodiversidad?; ¿Cuáles son las principales motivaciones intrínsecas para participar en proyectos de ciencia ciudadana?; ¿Cuáles son las variables que influyen en los lugares donde los participantes están haciendo observaciones?; ¿Se pueden utilizar datos científicos ciudadanos para estimar nichos climáticos y distribución de especies?"
73;"""The MECO project"" es un programa de ciencia ciudadana para evaluar el estado de las poblaciones mediterráneas de tiburones y rayas mediante el uso de las redes sociales"
74;Protegiendo el océano mediante la Educación Ambiental, la Incidencia Política y la Ciencia Ciudadana
75;"Obtener datos de las basuras marinas en entornos acuáticos para hacer frente al problema y atajarlo desde la fuente.

Un programa de Surfrider Foundation Europe para tratar de la contaminación de las basuras marinas a través de la educación, de la ciencia ciudadana y del lobby. Tú también eres parte de la solución, ¡Cambia el rumbo!"
76;El objetivo es estudiar si medicamentos ya usados contra el ébola o la gripe logran inhibir la replicación del virus SARS-CoV-2.
77;El objetivo principal es recaudar fondos para realizar un proyecto de investigación basado en desarrollar una herramienta que midiendo los microRNA de la sangre materna prediga el riesgo de desarrollar diabetes gestacional
78;Conocer y conservar los ríos de Cantabria a través de la participación ciudadana.
79;Es un proyecto de ciencia ciudadana que tiene como objetivo explorar y recopilar los principales impactos de los riesgos naturales y del cambio climático, aspectos a mejorar y cómo las comunidades se adaptan. Disponer de información detallada nos permite entender mejor los impactos de los episodios y extraer aprendizajes para disminuir estos impactos en situaciones futuras. También nos permite conocer los fenómenos que se producen en un episodio: esta información es útil para poder validar los modelos meteorológicos y las herramientas de seguimiento y vigilancia.
80;CoActuamos para la Salud Mental quiere reforzar las redes de apoyo social en salud mental a través de una investigación participativa y participada, dentro de la llamada ciencia ciudadana social.
81;"CoAct es un proyecto financiado por el programa Horizonte 2020 de la Unión Europea. CoAct propone una nueva comprensión de la Ciencia Ciudadana Social como investigación participativa co-diseñada e impulsada directamente por grupos de ciudadanos que comparten una preocupación social, en la que se convierten en co-investigadores en procesos comúnmente dominados por investigadores académicos. CoAct tiene como objetivo reunir y desarrollar métodos para dar a los grupos de ciudadanos un ""asiento en la mesa"" en igualdad de condiciones mediante la participación activa en la investigación, desde el diseño hasta la interpretación de los resultados y su transformación en acciones concretas."
82;Desarrollar 5 proyectos piloto de ciencia ciudadana sobre condicionantes ambientales y salud desde cero con la máxima participación de la ciudadanía y crear un toolkit para la creación de proyectos de ciencia ciudadana.
83;“Citizen Fly Lab de #MelanogasterCTF” divulga e investiga la genómica de la adaptación para entender cómo los organismos se adaptan al ambiente. Este tema de in-vestigación de frontera tiene implicaciones de gran alcance en los retos actuales de nuestra sociedad global, incluyendo la crisis climática o infecciones como COVID-19.
84;Proyecto de investigación europeo para estudiar el impacto que el seguimiento de aves desde casa tiene para cultivar el compromiso con el medio ambiente
85;Cos4Cloud es un proyecto europeo para mejorar la tecnología de la ciencia ciudadana. Se financia con el programa europeo Horizon 2020 y lo coordina el ICM-CSIC.
86;DesafíoBajoZero quiere dar la oportunidad a alumnos y alumnas de entre 14 y 20 años de realizar investigaciones científicas en un lugar tan interesante y recóndito como es la Antártida.
87;Involucrar a la población en el monitoreo de la calidad del aire, lo que posibilita el tener una amplia red de monitoreo que complemente a las clásicas estaciones de medición de la calidad del aire
88;El objetivo principal del proyecto es promover la ciencia ciudadana y poner en valor los recursos naturales litorales del Área Metropolitana del Barcelonés, detectando las especies marinas y litorales presentes en sus playas.
89;Geovacui ahonda en las causas y las consecuencias del dramático vaciamiento de los pueblos de amplias áreas del interior de España bajo un enfoque geográfico, integrador de los condicionantes físicos y las problemáticas sociales y económicas que afectan a sus habitantes y propone a los gestores públicos recomendaciones para resolver el problema aportando la visión de los residentes.
90;#RetornoAlMar anima a la ciudadanía a (re)conectar con la naturaleza tras los meses de confinamiento, a descubrir una gran variedad de especies marinas y compartirlas con otras personas.
91;El proyecto “Paddle Surfing for Science” supone un cambio de paradigma en las investigaciones de microplásticos flotantes en el medio ambiente marino, permitiendo adquirir datos de la zona costera mediante tablas de paddle surf, con una resolución espacial y temporal no llevada a cabo por ninguna institución a nivel mundial hasta la fecha, y siendo la sociedad uno de los actores indispensables para este cambio.
92;Diseñar de manera participativa con la ciudadanía, las industrias, las autoridades y los expertos mejoras en la gestión de los olores en las ciudades.
93;Recopilar todas las citas de fauna en Pirineos, tanto España como Francia y Andorra, para mostrarlas en un sólo portal. El portal se nutre de varias fuentes, que recopilan citas a escala regional/local: portales de ciencia ciudadana Ornitho Euskadi, Ornitho Navarra, ornitho.cat, Faune France, bases de datos de entes públicos (Gobiernos autonómicos, Parques Nacionales...), museos, universidades, asociaciones.
94;"Durante el aislamiento al que estuvimos sometidos, las actividades de observación astronómica se vieron reducidas a las que se podían realizar desde nuestro domicilio con la instrumentación disponible.
Este proyecto propone un estudio a lo largo del tiempo del brillo y color del cielo nocturno mediante medidas obtenidas desde casa con ayuda de cámaras digitales de uso común."
95;"1. Avanzar en el conocimiento del estado de conservación de la codorniz y de su aprovechamiento con ciencia ciudadana en la que participan los cazadores.
2. Establecer una red de seguimiento de la codorniz por todo el territorio nacional.
3. Formar a los cazadores en la conservación y aprovechamiento sostenible de la fauna.
4. Examinar técnicas de manejo agrario para aumentar la reproducción de la codorniz"
96;La protección del cielo nocturno y control de la Contaminación Lumínica con participación ciudadana.
97;"En “La piel viva del suelo” queremos dar a conocer la importancia los ecosistemas formados por
musgos, líquenes y algas que habitan en los primeros centímetros del suelo."
98;El proyecto eCoCrEALab es un proyecto de Ciencia Ciudadana ambiental de la Universidad de Burgos (UBU), desarrollado por la Oficina Verde (UBU – verde) y con la colaboración de la Fundación Española para la Ciencia y la Tecnología - Ministerio de Ciencia e Innovación. El principal objetivo es el desarrollo de una metodología de participación ciudadana para el monitoreo de la calidad de los sistemas de agua dulce a través de laboratorios colaborativos y plataformas digitales de ciencia ciudadana que permita mejorar el conocimiento, la valoración ambiental y una innovación responsable de estos ecosistemas.
99;El objetivo principal del proyecto “100&CIA para Vitoria-Gasteiz” es la “Mejora, innovación y crecimiento de la Red de Ciencia Ciudadana de Vitoria-Gasteiz para conseguir información acerca de la biodiversidad del municipio y, por consiguiente, tomar las decisiones de gestión ambiental adecuadas para su conservación, gracias a la concienciación ciudadana”.
100;"Pájaros en la Nube propone monitorizar la fauna insectívora en todo el país, a través del desarrollo de un
proyecto multidisciplinar que abarca diversas áreas del conocimiento científico y tecnológico e involucrando
a miles de estudiantes de centros de educación de primaria y secundaria. Temas como la conservación de la
biodiversidad, la ornitología, el internet de las cosas (IoT, por sus siglas en Inglés, Internet of Things), la
computación en la nube, arduino, programación, matemáticas, meteorología y ciencia ciudadana (CC) se
unen de forma consistente en un único proyecto"
101;Convierte tu móvil en un instrumento científico para analizar la luz de las farolas con tan sólo una red de difracción.
102;Ante el aumento de personas mayores en riesgo de soledad, trabajamos con el objetivo de desarrollar nuevas tecnologías de inteligencia artificial que permitan mejorar la calidad de vida de las personas mayores.
103;En el Observatorio para la Ciencia Ciudadana en Zaragoza recopilamos los proyectos que se desarrollan en la ciudad y su entorno en los que los ciudadanos participan de manera activa.
104;Despertar la curiosidad por la ciencia a través de algo tan cotidiano como la música
105;Conocer la percepción y el grado de satisfacción de los hogares españoles con sus viviendas durante el confinamiento por el COVID-19.
106;Mercè es un experimento de ciencia ciudadana que tiene como objetivo aprender cómo es una ciudad habitable gracias a la participación de la ciudadanía y la utilización de algoritmos de inteligencia artificial.
107;En P0STORY analizamos y reflexionamos transdisciplinarmente combinando el estudio académico con la ciencia ciudadana sobre procesos de gentrificación y turistificación, la memoria e historia de los espacios sufriendo esosprocesos, así como sobre otros modos de vida buena posibles en el presente y el futuro (conectándolos con sus pasados) en estos espacios locales multisituados, vinculándolos a su dimensión global, desde una perspectiva descolonial, ecosocial, de género y diversidad funcional, teniendo en cuenta el momento crítico actual de colapso socio ecológico.
108;El objetivo principal del proyecto es hacer que la gente participe de manera activa en la conservación de los ecosistemas fluviales, responsabilizándose y concienciándose de la situación del entorno en el que viven
109;Acercar la ciencia a la sociedad haciéndoles partícipes en todo el proceso de creación de ciencia.
110;Uno de los objetivos del proyecto Biodibal es incentivar la colaboración, por un lado, de ciudadanos interesados en la observación de la biodiversidad y, por otro lado, de investigadores que contribuyan con sus conocimientos a la divulgación.
111;Valorar la potencialidad de la CC para mejorar la toma de decisiones sobre la gestión y conservación de los recursos naturales basadas en el conocimiento científico
112;El objetivo de este proyecto es recuperar y estudiar las variedades locales a través de la siembra de semillas que por diferentes razones se han dejado de cultivar en sus lugares de origen.
113;Divulgación de la ciencia, educación ambiental, ciencia ciudadana y turismo de naturaleza.
114;Registro y geolocalización de obstáculos en los ríos, para general un Atlas Europeo de barreras fluviales.
115;Búsqueda de ciudadanos amantes de la naturaleza que quieran aprender a hacer observaciones fenológicas y ayudar a los científicos a estudiar los impactos del cambio climático sobre las plantas y los animales.
116;Muestreos hidromorfológicos, biológicos y químicos de las cuencas de los ríos de Andalucía
117;Fomentar el aprendizaje y uso de la Estadística como forma de medir de forma objetiva el mundo que nos rodea.
118;
119;Somos una asociación de Colmenar Viejo, enamorados de nuestro entorno realizamos censos de aves. Adoptamos hace ya un año la herramienta NATUSFERA, para contribuir con nuestras observaciones a las bases de datos del GBIF. Plenamente convencidos de la necesidad de la Ciencia Ciudadana para el mundo científico.
120;
121;Llevamos a cabo investigación en diferentes aspectos de sistemas y redes distribuidas, tanto desde el punto de vista analítico como del experimental.
122;Investigador que hace uso de ciencia ciudadana
123;
124;Establecer procesos de co-creación entre profesionales, docentes y familias del entorno de la educación especial con el mundo maker, de un modo abierto y accesible para todos.
125;Utilizar la música como vehículo para conocer el mundo que nos rodea
126;"El objetivo de CiviLab es crear una comunidad de Ciencia Ciudadana que permita poner en contacto, en un esquema de red multidireccional, a: a) Grupos de investigación que desarrollen o quieran desarrollar proyectos de ciencia ciudadana; b) Ciudadanos/as y agrupaciones ciudadanas interesados en participar en estos proyectos, en proponer ideas o contactar con estos grupos; y c) personas y organizaciones interesadas en contribuir a la difusión de la ciencia ciudadana."
127;En promocionarlo a los equipos de investigación en salud
128;El estudio de la contaminación atmosférica
129;La iniciativa “Library Living Lab – Barcelona” (L3) explora los vínculos entre la cultura, la tecnología y la sociedad, centrándose en el área de Volpelleres, un nuevo barrio de Sant Cugat del Vallés (Barcelona, Catalunya. España), cuyo desarrollo ha sido fuertemente afectada por la situación económica actual
130;Desarrollar actividades ligadas a la Sostenibilidad de la Ingeniería Civil
131;Estimular la participación de la población en recuerdos y costumbres.
132;Un proyecto de participación Parlamento Joven, realizaremos un bioblitz en el medio natural del río  Guadiamar, espacio Natural de la provincia de Sevilla.
133;Soy profesor recientemente jubilado y estoy a disposición de todo aquello en lo que pueda colaborar, en particular en divulgación científica.
134;
135;Doctor en Ciencias Químicas por la Universidad KU Leuven. Experto en investigación, desarrollo e ingeniería de procesos jubilado. Actualmente escritor y divulgador educación, ciencia e innovación.
136;AlimentUS aborda las Ciencias de la Alimentación desde varias perspectivas gracias a un equipo de expertos en Ciencia y Tecnología de los Alimentos, Bioquímicos e Ingenieros Agrónomos.
137;‘Apadrina una Roca’, Instituto geológico y Minero de España. Es un programa gratuito de voluntariado, que tiene como objetivo fundamental el seguimiento y conservación del patrimonio geológico español a través de la participación ciudadana.
138;"Este proyecto quiere investigar las alteraciones genómicas en células cancerosas. Para empezar, se investigarán células de cáncer de mama, usando cultivos celulares de laboratorio.

Analizar qué diferencias hay entre células sanas y cancerosas significa analizar palmo a palmo todo el ADN de estas células y compararlo con el de células sanas."
139;"Thinkers Factory  basada en ""el concepto de garage""  donde las Ideas y la Innovación forman parte de la vida de las personas, especialmente alumnos de Secundaria."
140;Se propone involucrar a escolares y escuelas de primaria en el proceso de aprender ciencia participando de ella gracias a la colaboración entre docentes, expertos/as en educación científica e investigadores/as en activo y que al hacerlo mejore su interés, conocimiento epistémico y sobretodo empoderamiento y participación en el ámbito científico.
141;
142;
143;
144;
145;«El Lenguaje Universal de la Tabla Periódica de los Elementos» es el título de una exposición itinerante  que sirve de conmemoración por el 150 aniversario. Así, la tabla periódica, aparte de las utilidades científicas, puede ser el punto de partida para hablar de temas de actualidad o para entender mejor el mundo.
146;Tratamos de acercar las matemáticas a la ciudadanía con todo tipo de actuaciones (talleres, charlas, coloquios, monólogos, observaciones planetarias…)
147;Identificación de asteroides cercanos a la Tierra utilizando imágenes astronómicas
148;"Director de Biook.org

Proyectos BBK Open Science (programación), DIYbio Bilbao (comunidad), BBK Open Lab (Laboratorio Comunitario)"
149;
150;
151;Proyecto CONCISE – Papel de la comunicación en la percepción y creencias de los ciudadanos europeos sobre temas científicos.
152;Ayúdanos a entrenar a Arturo respondiendo un cuestionario (¡tantas veces como quieras!) en el que deberás escoger la imagen que mejor se ajusta para ti a la de un entorno habitable.
153;
154;
155;
156;PERSIST_EU: El proyecto Erasmus + “Conocimiento, creencias y percepciones sobre la ciencia de los estudiantes europeos” (PERSIST_EU) espera promover la mejora de las vías educativas, las pedagogías y los métodos de evaluación para los educadores. PERSIST_EU producirá una herramienta de TIC para que, de forma rápida e inmediata, permita evaluar la calidad de la capacitación, incluidos los seminarios breves, MOOC’s o estudios oficiales. El consorcio de entidades que participan en PERSIST_EU cree en la importancia de que los estudiantes tengan una base científica sólida que les proporcione un conjunto de habilidades de alta calidad que les permita tomar las mejores decisiones posibles en la vida cotidiana sobre temas relevantes relacionados, entre otros temas, con su gestión de la salud.
157;
158;
159;
160;
161;
162;
163;
164;
165;Investigamos artrópodos que pueden influir en los cambios de los ecosistemas,  biodiversidad y el cambio climático, especialmente la emergencia climática. Lo compagino con las enseñanzas STEAM y la cultura científica
166;Hamelin es una red social de Naturaleza en donde sus miembros pueden subir fotos de flora, fauna o paisajes a través de la participación en proyectos y actividades de turismo activo sostenible.
167;La cátedra desarrolla una respuesta a la discapacidad y la enfermedad crónica, en especial el VIH, desde y para los derechos de las personas.
168;
169;
170;
171;
172;Realizamos un inventario de biodiversidad en el Campus de la UAL tratando de detectar problemas ambientales y sus posibles soluciones.
173;
174;
175;
176;
177;El objectivo de ALERTA FORESTAL es conocer y analizar el estado de salud de los bosques para poder prever a través de modelos de simulación cómo estarán en el futuro en el actual contexto de cambio climático
178;
179;
180;
181;
182;
183;
184;
185;
186;El objetivo principal de esta línea de trabajo es implicar y capacitar a la comunidad universitaria para dar soluciones más creativas a problemas reales, que puedan tener un impacto positivo en la sociedad. Para ello, partimos de algunos de los fundamentos de la innovación social: proporcionamos espacios para el desarrollo de nuevas ideas, experimentamos con nuevas tecnologías, conectamos personas y áreas de trabajo y conocimiento
187;
188;
189;
190;
191;
192;
193;
194;
195;
196;
197;
198;
199;
200;
201;"El proceso creativo se ha articulado en torno a dos temas personales: la vida rural y la ciencia ciudadana. Comenzamos con una mirada atra?s a la Espan?a rural de los an?os 60. Cantalejo (Segovia), fue el principal centro productor de trillos en el siglo pasado. Desde ese recuerdo concreto, que pretende ser una llamada a la accio?n y a arrimar el hombro, avanzamos hacia el presente e incluso hacia una reflexio?n, abstracta y personal, sobre el futuro que queremos como sociedad. Un futuro que debemos dejar responsablemente a nuestras futuras generaciones basada en el amor y en el ejemplo de compromiso. TRILLO analiza la evolucio?n de la ciencia ciudadana. TRILLO fue seleccionado por un jurado para la primera convocatoria de proyectos en residencia del Festival Radical DB. El proceso de composicio?n se ha compuesto de vari?as li?neas de co-creacio?n con la comunidad y de aprovechamiento de recursos y de la comunidad de Etopia. En lo musical y en lo visual, en lo conceptual y en la produccio?n material. Fruto de esta colaboracio?n es la creacio?n visual de los artistas Yagu Art y Edu Cortina que acompan?a enriqueciendo la obra musical. El festival RadicalDB 2017 ha sido cofinanciado por el proyecto SmART Places de Europa Creativa. TRILLO cuenta el apoyo de Etopia, de los laboratorios CESAR de la Universidad de Zaragoza, de la empresa Kampal Data Solutions y de la Fundacio?n Ibercivis.
Nos hemos bajado todos los arti?culos cienti?ficos que conteni?an el te?rmino “citizen science” en su ti?tulo, resumen o palabras clave. A partir de los arti?culos, hemos hecho una labor de ana?lisis por ge?nero para determinar el subconjunto de todos los arti?culos de ciencia ciudadana en los que al menos hay una mujer como investigadora principal o co-autora. Hemos utilizado una voz artificial, anti-ge?nero, para generar una pista vocal usada para sintetizar otros componentes sonoros, ritmos y texturas, que aparecen en TRILLO."
202;
203;
204;
205;
206;
207;
208;
209;
210;
211;
212;
213;
214;
215;
216;
217;
218;
219;
220;
221;
222;
223;
224;
225;
226;Madrid Periodismo de Datos es un proyecto que promueve la participación voluntaria aportando datos, información y divulgación. Es un grupo de trabajo abierto a la participación mediante el debate sobre temas e iniciativas relacionadas con el periodismo de datos, la participación activa en las actividades, eventos relacionados con la disciplina y la edición abierta de los materiales de la wiki desarrollada por el grupo de trabajo.
227;
228;
229;
230;
231;
232;
233;
234;
235;
236;El objetivo del proyecto es aumentar la cultura científica de sus usuarios de un modo divertido, acercando a los jugadores la Química y la Ciencia de los Materiales con las que convivimos a diario. Hi Score Science se proyecta no sólo como un juego de preguntas con respuestas con varias opciones sobre química y ciencia de materiales sino que quiere llegar más lejos y aumentar la cultura científica y el interés de los usuarios por la ciencia explicándoles qué hay detrás de los nuevos avances en estas temáticas. Para ello, el juego incluye explicaciones divulgativas de la realidad científica que se esconde detrás de cada una de las respuestas buscando incentivar la curiosidad de los usuarios por la ciencia. Además el proyecto busca que los usuarios se sientan partícipes de Hi Score Science para lo que se anima a los usuarios a colaborar en la elaboración del contenido científico del juego enviando preguntas y respuestas a través del apartado «Formulario». Además se ha creado un concurso para premiar a los estudiantes y los centros de educación de secundaria de Aragón que más colaboren en el proyecto. Se pueden consultar las bases del concurso en el apartado «Concurso». En el ámbito académico, se pretende que Hi Score Science se convierta en una herramienta informática que ayudará a los profesores a aumentar la cultura y la vocación científica de sus estudiantes.
237;
238;
239;
240;
241;
242;
243;
244;
245;
246;
247;
248;
249;
250;
251;
252;
253;
254;
255;
256;
257;
258;
259;
260;
261;
262;
263;
264;
265;
266;
267;ViSH es un sitio social y colaborativo para crear y compartir recursos de conocimiento para la realización de actividades educativas.
268;Análisis visual interactivo de grandes volúmenes de datos culturales.
269;
270;
271;El objetivo principal era observar la actitud de los participantes ante los diversos etiquetados de los alimentos.
272;El dilema del prisionero es un problema clásico de teoría de juegos que plantea si ser altruista con la sociedad es beneficioso o, por el contrario, ser egoísta hace salir beneficiado.
273;"Generar conocimiento, facilitar su acceso universal, y aplicarlo ecosocialmente.

El Proyecto Lepides es un proyecto de base científica consistente en recopilar datos sobre la distribución de lepidópteros diurnos y nocturnos en la Península Ibérica de manera colaborativa."
274;Desarrolla la plataforma de Gobierno Abierto (Participación y Datos abiertos) del Ayuntamiento de Zaragoza.
275;Soy un particular me encanta la ciencia y quiero formar parte de ella
276;"Funcionamos como un laboratorio ciudadano que aúna arte, ciencia y tecnología con el fin de generar un espacio donde la producción artística y la investigación científica confluyen, dotando al público de los claves y las herramientas necesarias para la reflexión, la experimentación y el uso crítico y creativo de la tecnología.

Nuestro objetivo es mostrar procesos artisticos y científicos, además de nuevas formas creativas de usar la tecnología."
277;
278;Investigador que hace uso de ciencia ciudadana
279;En esta aplicación, encontrarás una imagen del sol – un espectroheliograma – con fecha del día en que fue tomada. El propósito perseguido con esta aplicación es contar las manchas solares así como los grupos de manchas solares. Para ello, ponemos a tu disposición las herramientas para manipular la imagen y poder hacer el recuento.
280;Somos el mayor portal del mundo de habla hispana que difunde y promueve la computación distribuida.
281;El propósito de esta investigación es evaluar el estado actual de los proyectos de ciencia ciudadana y revelar el papel de los voluntarios en el proceso de investigación.
282;
283;
284;Traemos la ciencia real al aula.
285;Divulgación científica como herramienta para formar una sociedad más competitiva
286;Proyecto BOINC para simular plasmas en el TJ-I del Ciemat
287;El CITA es un organismo público de investigación cuyo objetivo final es conseguir, mediante la investigación, el desarrollo tecnológico, la formación y la transferencia, que las explotaciones agrarias y las empresas agroindustriales innoven continuamente y con ello alcanzar que la población activa agraria, y el resto de la población rural, obtenga una mayor rentabilidad económica y, como consecuencia, una mejor calidad de vida.
288;La aplicación Cellspotting involucra a los ciudadanos en el análisis de imágenes tomadas de células reales bajo tratamiento con medicamentos de la investigación sobre el cáncer. Esta participación basada en el reconocimiento de imágenes avanzará en el estudio de la muerte celular conocida como apoptosis.
289;ODS Study es un proyecto para la Comisión Europea. La ciencia ciudadana ocupa un lugar destacado en la transformación que estudia este proyecto Open Digital Science study
290;Somos en su mayoría un conjunto de personas desarrollando nuestra actividad cotidiana en la Escuela Politécnica de Cáceres. Alumnos, profesores y personal de administración y servicios de la Universidad de Extremadura, así como personas no pertenecientes a la UEx, que usamos Smart Open Lab (SOL) para desarrollar nuestros proyectos. SOL es un espacio de desarrollo tecnológico abierto, centrado en tecnologías de fabricación digital y prototipado rápido. Disponemos de materiales y herramientas que nos permiten hacer “casi cualquier cosa”, muy dentro del espíritu de la Fab Foundation. Con un compromiso importante por el conocimiento y la tecnología libre y con una clara vocación investigadora y difusora. Actualmente la comunidad de SOL está formada por alrededor de una centena de personas con muy diverso grado de implicación, desarrollando su creatividad y satisfaciendo su curiosidad. La vocación del espacio es la de un lugar de desarrollo de proyectos tecnológicos generales, sean personales, empresariales o de investigación, con muy distintos niveles de complejidad. Es un espacio para aprender y para hacer, cada cual aportando sus conocimientos y habilidades. Un espacio para los estudiantes y para cualquier aprendiz inquieto, un espacio para los profesores y para los diseñadores. Un espacio que pretende mezclar arte y tecnología
291;"GripeNet.es es una herramienta diseñada por investigadores del Instituto de Biocomputación y Física de Sistemas Complejos (BIFI) de la Universidad de Zaragoza en coordinación con el consorcio de investigación europeo Epiwork, cuyo objetivo primordial es monitorizar la incidencia de la gripe en España a través de la colaboración desinteresada y anónima de voluntarios vía Internet. 

Esta plataforma para la monitorización en tiempo real de los niveles de incidencia de la gripe en la población española fue desarrollada en el año 2012 por investigadores del BIFI.
El proyecto se integra dentro de la red de vigilancia epidemiológica Influenzanet, que desde el 2003, año de su creación en los Países Bajos, viene monitorizando ininterrumpidamente la incidencia de los síntomas gripales en la población de hasta 11 países europeos."""
292;Web de la Obra Social de Ibercaja dirigida al mundo educativo, en la que consultar actividades, recursos y aplicaciones destinadas a potenciar su trabajo en el aula.
293;
294;Desde Fundación «la Caixa» se apoyan y financian proyectos de (o relacionados con) Ciencia Ciudadana (Atrapa el Tigre, Saca la Lengua…), hemos participado directamente en alguno (VOICES, de la Comisión Europea) y estamos involucrados en algunas propuestas a nivel europeo.
295;El Clúster TIC de Aragón TECNARA considera que la tecnología de la información y la comunicación tiene un valor fundamental en la mejora de todos los procesos de participación social, de una manera muy especial en el desarrollo de las actividades de ciencia ciudadana. El clúster se siente orgulloso de haber participado en las actividades del proyecto europeo SOCIENTIZE y la creación del Libro Blanco de la Ciencia Ciudadana en Europa, y manifiesta su interés por apoyar las iniciativas de ciencia ciudadana y las entidades que las promueven en el ámbito geográfico de actuación de TECNARA.
296;MedMIS es un sistema de información online para realizar un seguimiento de las especies exóticas invasoras en las AMP. Las especies invasoras son una de las mayores amenazas para la biodiversidad de las AMP y del Mar Mediterráneo.
297;Centro privado de enseñanza bilingüe que usa la Ciencia Ciudadana en sus aulas
298;En TEDxMadrid 2015 cuyo tema fue Amateur se ofreció al publico la posibilidad de implicarse en proyectos significativos de ciencia ciudadana en toda España.
299;El grupo de transferencia de investigación y desarrollo es un equipo joven pero con experiencia que pertenece al área de la computación en el BIFI, compuesto por ingenieros de computación. En esta área se llevan a cabo principalmente tareas de: La participación en proyectos en colaboración con empresas y otros grupos de investigación. Estas colaboraciones se centran en diferentes temas innovadores como las nuevas tecnologías en la educación, bigdata, el análisis de Internet, las redes sociales, la computación distribuida, etc… En este contexto colaboramos en diferentes niveles, desde pequeñas contribuciones a las empresas / grupos de investigación locales a proyectos internacionales. El apoyo a la actividad investigadora del instituto con el desarrollo de proyectos que requieren el diseño y desarrollo de software. Este grupo también ofrece soporte para la mejora y optimización de los programas que ya existen, al igual que la consultoría para la elección de las mejores tecnologías y técnicas para su desarrollo.
300;Etopia Ciudadana es un proyecto de investigación colaborativa impulsado por el Ayuntamiento de Zaragoza, en colaboración con la Universidad de Zaragoza, con el objetivo de reforzar y ampliar las comunidades y lineas de producción existentes para que puedan liderar, desde una perspectiva ciudadana, esta economía basada en los comunes.
301;Físicos teóricos de la Universidad Complutense de Madrid, la Universidad de Extremadura y del Instituto de Biocomputación y Física de Sistemas Complejos analizan mediante simulaciones informáticas cómo las impurezas (átomos no magnéticos) en materiales magnéticos modifican las propiedades de la transición de fase. En algunos materiales, cuando tienen un alto grado de pureza, se observa una transición de primer orden. Este tipo de transiciones se caracterizan por un cambio brusco y la coexistencia durante la transición de los dos estados en los que se encuentra el material. Por ejemplo, el agua a 0ºC no cristaliza como un todo, sino que cristalizan grandes regiones (hielo) que coexisten con el agua hasta que se congela por completo. Sin embargo, sobrepasado cierto nivel de impureza, estos materiales pasan a sufrir una transición de segundo orden, en la que el cambio de fase se hace suavemente de modo que en el punto de transición el sistema no presenta coexistencia entre ambas fases. La materia fuera del equilibrio presenta fenomenologías muy diversas de indudable interés tanto práctico como teórico. Se utilizan técnicas de la física estadística de no equilibrio, combinando métodos analíticos, numéricos y de simulación, para el estudio de las propiedades dinámicas de sistemas complejos. Esta parte del proyecto la realizan varios investigadores de los Departamentos de Física Teórica de la Universidades de Extremadura y de la Universidad Complutense de Madrid.
302;"Nuestro objetivo fundamental es encontrar nuevas moléculas que puedan convertirse en fármacos eficaces en la lucha contra el cáncer. Para ello trabajamos en el desarrollo de algoritmos cuya finalidad consiste en predecir cómo estas moléculas se unen a sus receptores biológicos y así poder, de alguna manera, modular el comportamiento de éste, por ejemplo, inhibiendo el ciclo reproductivo del ADN dañado, frenando por tanto la proliferación de las células cancerígenas

Conocer el proceso de unión o docking entre proteínas humanas y pequeñas moléculas es una tarea clave para el desarrollo de fármacos que mejoren el tratamiento de enfermedades como el cáncer. Esas moléculas, denominadas genéricamente ligandos, pueden modificar las propiedades de las proteínas con efectos terapéuticos. A través de Ibercivis, científicos del Centro de Biología Molecular Severo Ochoa (CSIC-UAM) simulan el docking de determinadas proteínas con una serie de ligandos para determinar cuáles de ellos resultan más prometedores para ser analizados experimentalmente. La primera proteína con la que han trabajado ha sido la MGMT, que hace resistentes algunas células cancerígenas a los efectos de los fármacos utilizados en la quimioterapia. El objetivo: encontrar un ligando que logre inhibir la MGMT."
303;"Este proyecto de ciencia ciudadana pretende controlar el agua que bebemos en casa mirando sus niveles de cloro, pH, sabor y olor

CONTROLA EL AGUA QUE BEBES. Si hay algo que merece nuestra atención y cuidado, eso es el agua que bebemos todos los días. Tanto si vives en un pueblo aislado o en una ciudad con tramos de tubería muy largos, queremos que nos ayudes a controlar si los niveles de cloro en nuestros grifos son los adecuados para el consumo. Aquí puedes compartir el resultado de analizar el agua de tu casa, o el de la fuente de tu parque, el que encuentre en tus viajes… ¿Quieres subir tu propia medida de análisis?"
304;BIOPHYMED es un grupo dedicado a actividades de investigación experimental y computacional relacionados con la estructura y propiedades de los sistemas macromoleculares.
305;En el centro educativo desarrollamos actividades de ciencia ciudadana
306;Smart Citizen es una plataforma para generar procesos participativos de las personas en las ciudades. Conectando datos, ciudadanos y conocimiento, el objetivo de la plataforma es servir como nodo productivo para la generación de indicadores abiertos y herramientas distribuidas, y a partir de ahí la construcción colectiva de las ciudades por sus propios habitantes.
307;"Dentro de AcercaCiencia.com hay una sección donde damos difusión a proyectos de Ciencia Ciudadana: 
http://www.acercaciencia.com/category/cienciaciudadana-2/"
308;Las enfermedades cardiovasculares son la primera causa de muerte en la Unión Europea. Teniendo en cuenta los costes de tratamiento y la alta prevalencia de factores de riesgo (tabaquismo, la inactividad física, diabetes e hipertensión), representan la mayor carga social y económica entre todas las enfermedades. Subvencionado por el European Research Council (ERC) Manuel Franco propone medir los alimentos, la actividad física, el alcohol y los entornos de tabaco de cientos de barrios de Madrid, una ciudad con perfil histórico y demográfico como muchas otras ciudades europeas similares, y correlacionar los resultados con los historiales médicos de atención primaria cardiovasculares.
309;«FLOODUP. Explorando nuestra resiliencia frente a las inundaciones” es un proyecto de ciencia ciudadana para mejorar el conocimiento sobre el impacto de las inundaciones desarrollado con el apoyo de la Fundación española para la Ciencia y la Tecnología (FECYT- Ministerio de Economía y Competitividad). El proyecto tiene como objetivo recoger observaciones de inundaciones o de otros fenómenos relacionados y sus efectos. También se recogen otras observaciones como lugares que pueden estar en riesgo de inundarse, malas prácticas en relación a la prevención de inundaciones, testimonios de inundaciones históricas o infraestructuras de protección. Para ello se ha desarrollado la aplicación para móviles FLOODUP. Esta App se puede descargar desde las plataformas Google Play y Apple Store de manera gratuita. Contribuir al proyecto es muy sencillo y rápido y está al alcance de cualquier persona que tenga un dispositivo móvil siempre con precaución y sin ponerse en riesgo al tomar la fotografía. Las observaciones, una vez subidas a la red por el usuario, son validadas por el equipo del proyecto.
310;"Cartografía interactiva para la mejora de la calidad y la transparencia de la comunicación pública local.
Formamos parte de Infoparticipa mapainfoparticipa.com"
311;Ampliar el conocimiento sobre las cigarras (Cicadidae) en Cataluña y hacerlo público y disponible en una web. Promover la participación de la ciudadanía en adquirir información sobre el grupo.
312;¿Por qué no discutir sobre ciencia en un bar? Con el espíritu participativo de una jam session (un encuentro informal de improvisación musical), nace ‘Jam Science’, una iniciativa para implicar a diferentes públicos en las discusiones científicas.
313;"ZERYNTHIA es una Asociación de ámbito nacional (España) sin ánimo de lucro, cuyos objetivos se basan en la protección de las mariposas, tanto diurnas como nocturnas, y los lugares donde habitan. Se encarga del estudio, divulgación y conservación de las mariposas y los lugares donde habitan. Es además la entidad representante en España de la federación europea Butterfly Conservation Europe.
Desde ZERYNTHIA trabajamos para conocer más acerca de los miles de especies que habitan nuestro país y así poder protegerlas de manera más efectiva y en base a datos objetivos. Pero también dedicamos gran parte de nuestro tiempo a la divulgación de su importancia. Nos esforzamos por crear una conciencia social que permita conservar y valorar a estos valiosos y bellos animales, fundamentales para el correcto funcionamiento de los ecosistemas."
314;El planetario CETA-CIEMAT consiste en una cúpula neumática semiesférica de unos 12 metros de diámetro en cuyo interior unas 40-50 personas son trasladadas a un Universo de sensaciones envolventes gracias a un avanzado sistema de proyección digital.
315;El Instituto Catalán de Ornitología (ICO) es una asociación sin fines de lucro, establecida en 1975 para las ayudas al estudio de las aves en Cataluña, con el nombre de Grupo Catalán de Anellament. La asociación se especializa en el desarrollo y la coordinación de los sistemas de vigilancia a gran escala que requieren la contribución de muchos ornitólogos. La asociación organiza cursos para una amplia gama de actividades ornitológicas prácticas.
316;Espacio creativo abierto en el norte de Tenerife. Creemos en compartir conocimientos, herramientas y proyectos de forma abierta. En conocer a otras personas de distintos ámbitos creativos para sacar adelante nuevas ideas. En pasar un buen rato y compartir experiencias dentro de un espacio compartido.  Así nace Orotava Hackerspace, un hackerspace constituido como asociación sin ánimo de lucro para favorecer el desarrollo de proyectos creativos de ámbitos como electrónica, programación, ciencia y arte en un espacio físico común.
317;"Xplore Health es un programa educativo europeo impulsado conjuntamente por IrsiCaixa y Obra Social ""la Caixa"", con la colaboración de la Fundación Amgen, que ofrece recursos multimedia interactivos para acercar a las aulas de secundaria la investigación biomédica actual y la reflexión en torno a las implicaciones bioéticas de la investigación.

El programa fomenta la innovación educativa mediante la enseñanza de las ciencias basada en la indagación (ECBI), el trabajo por proyectos, las dinámicas de grupo y la evaluación formativa. Al mismo tiempo, fomenta la interacción de los estudiantes con diferentes actores sociales para que participen como ciudadanos responsables en una sociedad basada en el conocimiento.

El proyecto se desarrolla por internet mediante una red de centros educativos piloto, centros de investigación y museos de ciencia."
318;El Laboratorio Avanzado de la Universidad de Zaragoza sobre Aplicaciones Jurídicas y Empresariales en la Sociedad de la Información situado en el Parque Tecnológico Walqa (Huesca) depende de las Facultades de Derecho y de Económia y Empresa, de la Universidad de Zaragoza, y tiene como objetivos servir de apoyo tanto en la docencia como en la investigación a los profesores de la Universidad, así como colaborar en las actividades de I+D desarrolladas por las empresas del Parque y otras de Aragón.
319;RiuNet es una herramienta educativa interactiva que guía a cualquier ciudadano en la diagnosis del estado hidrológico y ecológico de un río. Al mismo tiempo, es un proyecto de ciencia ciudadana ya que proporciona datos científicos que gestionan los investigadores del Grupo de Investigación Freshwater Ecology, Hydrology and Management (FEHMlab) del Departamento de Biología Evolutiva, Ecología y Ciencias Ambientales de la Universidad de Barcelona.
320;La Sociedad Gaditana de Historia Natural es una asociación sin ánimo de lucro que nace como un punto de encuentro de aquellos estudiosos de la naturaleza en todos sus campos. Tiene como fines primordiales el intercambio de conocimientos y experiencias, la colaboración y coordinación en proyectos comunes, la difusión de estos conocimientos y la defensa del patrimonio natural, en el ámbito de la Provincia de Cádiz.
321;Crowdcrafting es una plataforma web para proyectos de ciencia ciudadana 100% open-source, abierta al trabajo y la colaboración de los voluntarios. Esta plataforma busca la contribución de los ciudadanos en proyectos científicos para poder solucionar problemas, analizar datos o completar otra serie de tareas.
322;Mi investigación se centra, por un lado, en el estudio de las redes ecológicas de vertebrados de alta montaña, su resistencia a la entrada de las especies invasoras y los efectos del cambio global sobre las interacciones. Por otra parte, lidero un programa de captura – marcaje – recaptura de una población de marmota alpina en el Pirineo, con el objetivo de entender el éxito de su establecimiento, los efectos sobre la comunidad huésped, y las diferencias respecto a la población nativa.
323;"Para afrontar los retos de calidad del aire y del medio ambiente en las ciudades, que afectan a la salud de sus habitantes, es necesario promover la colaboración entre los científicos, los ciudadanos y las autoridades locales. Con este propósito, el proyecto ESAIRE pone en práctica una perspectiva novedosa de hacer ciencia: la ciencia participativa o ciencia ciudadana.
ESAIRE promueve la co-creación de plataformas web y aplicaciones móviles para compartir datos de calidad del aire y sus efectos en la salud. Su objetivo es ayudar a proyectos de ciencia ciudadana, como CITI-SENSE, a acercar su tecnología al público y hacerla más humana y social."
324;Con la aplicación Citclops / EyeonWater podrás: estar más informado sobre el mar, ser ambientalmente activo haciendo observación de la costa,disfruta más de tus actividades acuáticas favoritas
325;El Centro de Centro de Estudios Ambientales, en colaboración con la Unidad de Anillo Verde y Biodiversidad del Departamento de Medio Ambiente y Salud Pública del Ayuntamiento de Vitoria-Gasteiz, ha puesto en marcha el proyecto de «Red de Participación en Ciencia Ciudadana» para el seguimiento y conservación de la diversidad biológica que alberga nuestro Municipio. Este proyecto nace con la idea de promocionar y educar a la ciudadanía en materia de biodiversidad y debido a la necesidad actual de profundizar en el conocimiento y gestión de determinados grupos faunísticos y florísticos que habitan en nuestro entorno natural más cercano.
326;"Computación distribuída.
Modelos electrofisiológicos.
Colaboración en red.
Investigación in silico.
El intercambio de conocimientos."
327;RESECOM es un proyecto LIFE+ concedido a Gobierno de Aragón y el Instituto Pirenaico de Ecología (IPE-CSIC), con el fin de establecer una red de monitorización de plantas y hábitats de interés comunitario (EICs e HICs respectivamente) en la Red Natura 2000 de la Comunidad autónoma
328;OpenCuriosity es una maqueta a escala reducida del famoso robot explorador de Marte, con dos pequeñas diferencias: está fabricado en Aragón y su programación está escrita en código abierto, porque sus cuatro creadores quieren «democratizar» la exploración del espacio.
329;"Acercar la actividad investigadora de nuestro centro de investigación, y más concretamente aquella ciencia relacionada con la problemática de las especies marinas invasoras, a toda la sociedad, en especial, de la zona Mediterránea.
Involucrar en su desarrollo a colectivos que tengan un contacto directo con nuestro entorno más cercano (organizaciones profesionales de buceo, educadores ambientales, empresas de turismo náutico, …).
Favorecer la participación ciudadana en el proceso científico a través de actividades de “ciencia ciudadana” como la recogida de datos o el análisis de los mismos.
Estimular la participación ciudadana en debates y procesos de deliberación sobre toma de decisiones en el ámbito científico y tecnológico."
330;Toma de datos de censos de aves en el espacio Valdepajares de Tajo, para su posterior vuelco en la base de datos de SEO/Birdlife y divulgación de la importancia de esta comunidad faunística en el funcionamiento de los ecosistemas para todos los públicos.
331;Sistema de observación de parámetros ambientales submarinos en continuo y en tiempo real, a los que se puede acceder a través de Internet, obteniendo información sobre temperatura del agua, salinidad, hidrófono, etc
332;Las urracas, comúnmente conocidas como picarazas, son aves cada vez más frecuentes en las zonas urbanas. Al igual que otras aves, esta especie se instala cómodamente en parques y jardines, donde encuentra alimento y lugares para la cría. Su aparente abundancia ha despertado el interés por conocer cuál es el estado de su poblacion en Pamplona. Con el fin de obtener datos sobre su densidad y sus movimientos por la ciudad, la Universidad de Navarra, en colaboración con el Departamento de Biología Ambiental de la Facultad de Ciencias, ha promovido un estudio de tres años de duración que intentará dar respuesta a preguntas.
333;El proyecto Q se propone caracterizar de manera detallada el perfil de los voluntarios que toman parte en los proyectos de ciencia ciudadana de Ibercivis.
334;Makeroni, tecnología creativa con el fin de promover un espacio de trabajo cooperativo para el desarrollo y difusión de las nuevas tecnologías.
335;El proyecto “MARduino: mi boya, nuestros datos y el mar” pretende sensibilizar a la ciudadanía sobre la importancia de la preservación de la calidad del agua del mar enseyando a construir boyas oceanográficas de bajo coste que miden la transparencia del agua del mar: un indicador básico que ayuda a los investigadores a entender y predecir cambios en la calidad del agua del mar.
336;Colaboré en un proyecto para evaluar la felicidad personal a partir de los datos aportados por la ciudadanía.
337;Proyecto financiado por la Comisión Europea que ha sido destacado como proyecto bandera en la Agenda Digital para Europa y referenciado por las distintas comunidades. Experimentos, coordinación, soporte, repositorio de contenidos, política, conferencias. Actualmente Ibercivis apoya este proyecto.
338;La Asociación para el Fomento de la Investigación Científica en Casa (Aficca) nace con el objetivo de dar a conocer el mundo de la Computación Distribuida a todos los ciudadanos, empresas e instituciones. Fundado por miembros de los distintos equipos que conforman la Plataforma CANALBoinc, Aficca organizará y participará en conferencias, charlas, jornadas y demostraciones con el fin de divulgar la colaboración con la ciencia por parte de toda la sociedad, demostrando que tener La Ciencia en Casa, es posible. Asimismo, prestará asesoramiento técnico a todas las empresas, instituciones y usuarios que deseen incorporarse a la computación distribuida.
339;La Fundación Ibercivis es una fundación privada sin ánimo de lucro con el objetivo de promover la ciencia ciudadana tanto a nivel regional como nacional e internacional.
340;Somos un ecosistema público de personas, empresas y proyectos para fomentar el emprendimiento, la creatividad y la innovación ciudadana. La ciencia ciudadana es un vector tangencial a nuestra línea de trabajo
341;Se realiza con la participación directa, voluntaria y consciente de ciudadanos y ciudadanas. Mantiene comunicación directa con los usuarios y hace accesible los resultados de la investigación. Además, ofrece en abierto códigos y datos de los experimentos para quien quiera hacer uso de los recursos generados.Beepathes un partenariado compuesto por tres actores:OpenSystems,EduscopiyDribia.
342;El objetivo es dar a conocer y valorar la biodiversidad del barrio y proporcionar herramientas para tomar el pulso de la salud de su ciudad. Se han hecho BioBlitz Barris en Sarrià-Sant Gervasi, en el Parque del Turó del Putget y en el Parque del Turó de l'Oreneta. Los datos recogidos se integran en la plataforma Natusfera, en la que, una vez validadas, se vuelcan en la plataforma GBIF de biodiversidad global.
343;El proyecto colabora con la Oficina en los procesos para fomentar la participación, para valorar en qué medida alguna de las demandas sociales recogidas podrían ser encaradas a través de proyectos en formato descience shop, especialmente en los campos de la salud y del estudio del medio ambiente.Actividades en el mar de la Oficina:Fiesta de la Ciencia, Comunidad de práctica.
344;Utiliza dilemas sociales en forma de juegos para medir rasgos de conducta de colectivos concretos en espacios públicos y urbanos. Los resultados generados son una potente herramienta para medir el capital social en grupos y aportar argumentos contrastados para poder incidir en mejoras sociales tangibles ante una problemática identificada previamente a través de procesos de cocreación.
345;Son muy sensibles al aumento de concentraciones de contaminantes, lo que les hace excelentes bioindicadores, centinelas naturales de la calidad del aire. El mapa de líquenes de una ciudad refleja su calidad y permite seguir su evolución. Los ciudadanos y ciudadanas participan en el mapeo de líquenes de Barcelona trabajando con personas expertas para identificar las especies, reconocerlas y poder interpretarlas. Los datos recogidos se integran en la plataforma Natusfera, en la que, una vez validadas, se vuelcan en la plataforma GBIF, de biodiversidad global.
346;En este proceso, la ciudadanía participa en diferentes momentos de la investigación: decide qué espacios merecen ser analizados para ser más representativos de los barrios, realiza las grabaciones sonoras con grabadoras profesionales, las anotaciones de las fuentes sonoras y recopila las sensaciones y emociones provocan estos contextos y entornos sonoros, y los usos culturales y sociales asociados a estos espacios.
347;El proyecto, que cuenta con la app Plant*tes para dispositivos móviles, permite informar del nivel de riesgo de alergia al polen a pie de calle. Asimismo, ayuda a mejorar la calidad de vida de las personas que padecen alergia que pueden evitar las zonas de mayor riesgo, al tiempo que permite comprender mejor la relación entre el medio ambiente y las enfermedades alérgicas.
348;Los cambios en los ritmos de la naturaleza dan mucha información a los científicos y científicas sobre los efectos que el cambio climático produce sobre los ecosistemas naturales, pero son necesarias series temporales largas, homogéneas, validadas y bien repartidas geográficamente por todo el territorio. A través de Ritme Natura, la ciudadanía puede participar colaborando con observaciones para ayudar al equipo científico a estudiar los impactos del cambio climático sobre las plantas, animales y seres vivos en general.
349;La iniciativa distribuye unos sensores llamados Telraam que vecinos, vecinas y comunidades ciudadanas de Madrid y Barcelona instalan en sus ventanas para recoger datos sobre cuántos coches, vehículos pesados, bicicletas y peatones pasan por su calle. La información recopilada puede consultarse a tiempo real a través de esta plataforma y, con los resultados obtenidos, se determinará de forma conjunta qué acción de alto impacto debe tomarse para mejorar la vida en las ciudades.
350;Estas personas aportan información meteorológica relevante de dos formas: en la modalidad de observación meteorológica, tomando medidas día a día y apoyando la caracterización diaria del tiempo, y en la modalidad de vigilancia meteorológica, aportando información visual de fenómenos destacados en tiempo real .
351;Con dispositivos móviles y sensores repartidos por la ciudad, las personas participantes pueden contribuir a obtener datos sobre la calidad del aire de la ciudad que después se transfiere a los científicos ya las científicas.
352;En este programa, los equipamientos se suman al programa y actúan como epicentro de reunión, preparación y discusión de los proyectos, que implican a varios colectivos.El vecindario, las escuelas, la comunidad científica y las entidades locales son los grandes protagonistas de la investigación que se incluye en este programa. Gracias a estos colectivos, Ciencia Ciudadana en los Barrios constituye una apuesta por reforzar las prácticas de una investigación participada que da respuesta a las inquietudes de los barceloneses y barcelonesas.
353;Profesorado y alumnado de centros educativos de Barcelona participan en un programa piloto de 15 horas laborar con diversos proyectos de investigación científica reales de Barcelona. La comunidad educativa está en contacto con los científicos y científicas de diferentes centros de investigación y universidades para conocer el método científico de muestreo, aprender a utilizar aplicaciones móviles y web para la recogida de datos y analizar los resultados. Además, también se dedican horas lectivas a ampliar el trabajo en el aula y proponer y realizar acciones a partir de las conclusiones.Las personas participantes en cada curso son seleccionadas según su interés a través de la convocatoria del Consorcio de Educación de Barcelona. La distribución de los proyectos por centros educativos es la siguiente:
