Project Id;Project Name;Project Link;Project Scope;Citizen Science Web Name;Citizen Science Web Link
1;LADA-UC3M;https://ciencia-ciudadana.es/proyecto-cc/lada-uc3m/;Cultura y Arqueología;Observatorio de la Ciencia Ciudadana en España;https://ciencia-ciudadana.es/proyecto-cc/
2;PAAM;https://ciencia-ciudadana.es/proyecto-cc/paam/;Ciencias Sociales, Educación, Informática y Ciencias de la Computación, Medicina y Salud;Observatorio de la Ciencia Ciudadana en España;https://ciencia-ciudadana.es/proyecto-cc/
3;Cities at Night;https://ciencia-ciudadana.es/proyecto-cc/cities-at-night-2/;Biodiversidad, Ecología y Medioambiente, Espacio y Astronomía;Observatorio de la Ciencia Ciudadana en España;https://ciencia-ciudadana.es/proyecto-cc/
4;FuenAragón;https://ciencia-ciudadana.es/proyecto-cc/fuenaragon/;Biodiversidad, Ciencias de la Agricultura y Veterinaria, Clima y Meteorología, Ecología y Medioambiente, Educación, Gestión de Recursos Naturales, Naturaleza y Aire Libre, Océanos, Agua, Marino y Terrestre;Observatorio de la Ciencia Ciudadana en España;https://ciencia-ciudadana.es/proyecto-cc/
5;Laboratorio Ciudadano de Salud Urbana;https://ciencia-ciudadana.es/proyecto-cc/laboratorio-ciudadano-de-salud-urbana/;Biodiversidad, Ecología y Medioambiente, Medicina y Salud, Transporte;Observatorio de la Ciencia Ciudadana en España;https://ciencia-ciudadana.es/proyecto-cc/
6;Biologia/Geologia aplicada a la identidad territorial;https://ciencia-ciudadana.es/proyecto-cc/biologia-geologia-aplicada-a-la-identidad-territorial/;Animales, Biodiversidad, Biogeografía, Ciencia de los Alimentos, Ciencias Químicas, Ciencias Sociales, Clima y Meteorología, Ecología y Medioambiente, Educación, Geografía, Geología y Ciencias de la Tierra, Informática y Ciencias de la Computación, Insectos y Polinizadores, Naturaleza y Aire Libre, Océanos, Agua, Marino y Terrestre, Transporte;Observatorio de la Ciencia Ciudadana en España;https://ciencia-ciudadana.es/proyecto-cc/
7;URBANOME – URBANLAB-MAD;https://ciencia-ciudadana.es/proyecto-cc/urbanome-urbanlab-mad/;Ciencias Sociales, Ecología y Medioambiente, Medicina y Salud, Naturaleza y Aire Libre, Transporte;Observatorio de la Ciencia Ciudadana en España;https://ciencia-ciudadana.es/proyecto-cc/
8;REC-LIT;https://ciencia-ciudadana.es/proyecto-cc/rec-lit/;Educación;Observatorio de la Ciencia Ciudadana en España;https://ciencia-ciudadana.es/proyecto-cc/
9;La Digitalizadora de la Memoria Colectiva;https://ciencia-ciudadana.es/proyecto-cc/la-digitalizadora-de-la-memoria-colectiva/;Ciencias Políticas, Ciencias Sociales, Cultura y Arqueología, Educación, Informática y Ciencias de la Computación;Observatorio de la Ciencia Ciudadana en España;https://ciencia-ciudadana.es/proyecto-cc/
10;Bosque Anouk – Ecos de la Tierra;https://ciencia-ciudadana.es/proyecto-cc/bosque-anouk-ecos-de-la-tierra/;Animales, Cultura y Arqueología, Culturas Indígenas, Ecología y Medioambiente, Educación, Geografía, Gestión de Recursos Naturales, Naturaleza y Aire Libre, Pájaros, Sonido;Observatorio de la Ciencia Ciudadana en España;https://ciencia-ciudadana.es/proyecto-cc/
11;AGORAge: Ageing in a Caring Community;https://ciencia-ciudadana.es/proyecto-cc/agorage-ageing-in-a-caring-community/;Ciencias Sociales;Observatorio de la Ciencia Ciudadana en España;https://ciencia-ciudadana.es/proyecto-cc/
12;Aulachek, «Monta una noticia, desmonta un bulo»;https://ciencia-ciudadana.es/proyecto-cc/aulachek-monta-una-noticia-desmonta-un-bulo/;Biodiversidad, Ciencia de los Alimentos, Ciencias Sociales, Clima y Meteorología, Cultura y Arqueología, Educación, Medicina y Salud;Observatorio de la Ciencia Ciudadana en España;https://ciencia-ciudadana.es/proyecto-cc/
13;Wikiesfera;https://ciencia-ciudadana.es/proyecto-cc/wikiesfera/;Ciencias Políticas, Ciencias Sociales, Cultura y Arqueología, Culturas Indígenas, Educación, Informática y Ciencias de la Computación;Observatorio de la Ciencia Ciudadana en España;https://ciencia-ciudadana.es/proyecto-cc/
14;La colmena feliz;https://ciencia-ciudadana.es/proyecto-cc/la-colmena-feliz/;Biodiversidad, Ecología y Medioambiente, Educación, Insectos y Polinizadores, Naturaleza y Aire Libre;Observatorio de la Ciencia Ciudadana en España;https://ciencia-ciudadana.es/proyecto-cc/
15;RedPROMAR;https://ciencia-ciudadana.es/proyecto-cc/redpromar-2/;Biodiversidad, Ecología y Medioambiente, Educación, Gestión de Recursos Naturales, Océanos, Agua, Marino y Terrestre, Seguimiento de Especies a largo plazo;Observatorio de la Ciencia Ciudadana en España;https://ciencia-ciudadana.es/proyecto-cc/
16;FleboCollect- Ciencia ciudadana y construcción de trampas DIY para flebotomos;https://ciencia-ciudadana.es/proyecto-cc/flebocollect/;Animales, Biodiversidad, Clima y Meteorología, Educación;Observatorio de la Ciencia Ciudadana en España;https://ciencia-ciudadana.es/proyecto-cc/
17;La Colmena Cultural — Buscador de patrimonio cultural pueblo a pueblo;https://ciencia-ciudadana.es/proyecto-cc/la-colmena-cultural-buscador-de-patrimonio-cultural-pueblo-a-pueblo/;Ciencias Sociales, Cultura y Arqueología, Educación, Naturaleza y Aire Libre;Observatorio de la Ciencia Ciudadana en España;https://ciencia-ciudadana.es/proyecto-cc/
18;Cycling with Clean Air, CWCA;https://ciencia-ciudadana.es/proyecto-cc/cycling-with-clean-air-cwca/;Clima y Meteorología, Ecología y Medioambiente, Educación, Medicina y Salud, Transporte;Observatorio de la Ciencia Ciudadana en España;https://ciencia-ciudadana.es/proyecto-cc/
19;Banco de Imágenes del Mundo rural;https://ciencia-ciudadana.es/proyecto-cc/banco-de-imagenes-del-mundo-rural/;Animales, Biodiversidad, Biogeografía, Ciencia de los Alimentos, Ciencias de la Agricultura y Veterinaria, Ciencias Sociales, Clima y Meteorología, Cultura y Arqueología, Culturas Indígenas, Ecología y Medioambiente, Geografía, Gestión de Recursos Naturales, Transporte;Observatorio de la Ciencia Ciudadana en España;https://ciencia-ciudadana.es/proyecto-cc/
20;Picaduras de conocimiento;https://ciencia-ciudadana.es/proyecto-cc/picaduras-de-conocimiento/;Biodiversidad, Ciencias de la Agricultura y Veterinaria, Ecología y Medioambiente;Observatorio de la Ciencia Ciudadana en España;https://ciencia-ciudadana.es/proyecto-cc/
21;SeCosta – Ciencia ciudadana para el estudio del medio marino;https://ciencia-ciudadana.es/proyecto-cc/secosta-ciencia-ciudadana-para-el-estudio-del-medio-marino/;Clima y Meteorología, Física, Océanos, Agua, Marino y Terrestre;Observatorio de la Ciencia Ciudadana en España;https://ciencia-ciudadana.es/proyecto-cc/
22;INCISE-Integrando ciencia ciudadana y datos estandarizados;https://ciencia-ciudadana.es/proyecto-cc/incise-integrando-ciencia-ciudadana-y-datos-estandarizados/;Animales, Biodiversidad, Informática y Ciencias de la Computación, Pájaros, Seguimiento de Especies a largo plazo;Observatorio de la Ciencia Ciudadana en España;https://ciencia-ciudadana.es/proyecto-cc/
23;Transformación de las actividades en por la COVID-19;https://ciencia-ciudadana.es/proyecto-cc/transformacion-de-las-actividades-en-por-la-covid-19/;Ciencias Sociales, Cultura y Arqueología, Ecología y Medioambiente, Geografía;Observatorio de la Ciencia Ciudadana en España;https://ciencia-ciudadana.es/proyecto-cc/
24;MicroMundo;https://ciencia-ciudadana.es/proyecto-cc/micromundo/;Biodiversidad, Ecología y Medioambiente, Medicina y Salud;Observatorio de la Ciencia Ciudadana en España;https://ciencia-ciudadana.es/proyecto-cc/
25;MonuMAI;https://ciencia-ciudadana.es/proyecto-cc/monumai/;Ciencias Sociales, Cultura y Arqueología, Educación, Informática y Ciencias de la Computación;Observatorio de la Ciencia Ciudadana en España;https://ciencia-ciudadana.es/proyecto-cc/
26;“The Inclusive Circular Lab”: economía circular y ciencia ciudadana en escuelas;https://ciencia-ciudadana.es/proyecto-cc/the-inclusive-circular-lab-economia-circular-y-ciencia-ciudadana-en-escuelas/;Biodiversidad, Ciencia de los Alimentos, Ciencias de la Agricultura y Veterinaria, Ecología y Medioambiente, Educación, Geología y Ciencias de la Tierra, Gestión de Recursos Naturales, Naturaleza y Aire Libre;Observatorio de la Ciencia Ciudadana en España;https://ciencia-ciudadana.es/proyecto-cc/
27;DeVOTE – Los significados de ‘votar’ para los ciudadanos;https://ciencia-ciudadana.es/proyecto-cc/devote-los-significados-de-votar-para-los-ciudadanos/;Ciencias Políticas, Ciencias Sociales;Observatorio de la Ciencia Ciudadana en España;https://ciencia-ciudadana.es/proyecto-cc/
28;Experimento de Ciencia Ciudadana-INCREASE;https://ciencia-ciudadana.es/proyecto-cc/experimento-de-ciencia-ciudadana-increase/;Biodiversidad, Ciencias de la Agricultura y Veterinaria, Genética;Observatorio de la Ciencia Ciudadana en España;https://ciencia-ciudadana.es/proyecto-cc/
29;Natusfera;https://ciencia-ciudadana.es/proyecto-cc/natusfera-2/;Biodiversidad;Observatorio de la Ciencia Ciudadana en España;https://ciencia-ciudadana.es/proyecto-cc/
30;PLASTICØPYR SWICH;https://ciencia-ciudadana.es/proyecto-cc/plasticopyr-swich/;Biodiversidad, Clima y Meteorología, Ecología y Medioambiente, Educación, Gestión de Recursos Naturales, Naturaleza y Aire Libre, Océanos, Agua, Marino y Terrestre;Observatorio de la Ciencia Ciudadana en España;https://ciencia-ciudadana.es/proyecto-cc/
31;«Satélites Españoles»;https://ciencia-ciudadana.es/proyecto-cc/satelites-espanoles/;Espacio y Astronomía;Observatorio de la Ciencia Ciudadana en España;https://ciencia-ciudadana.es/proyecto-cc/
32;Gestión colaborativa de la medicación y su implementación en España, foco en desórdenes graves de salud mental;https://ciencia-ciudadana.es/proyecto-cc/gestion-colaborativa-de-la-medicacion-y-su-implementacion-en-espana-foco-en-desordenes-graves-de-salud-mental/;Biodiversidad, Ciencias Políticas, Ciencias Sociales, Culturas Indígenas, Educación, Genética, Medicina y Salud;Observatorio de la Ciencia Ciudadana en España;https://ciencia-ciudadana.es/proyecto-cc/
33;YouCount -Youth Citizen Science/Ciencia Ciudadana Juvenil;https://ciencia-ciudadana.es/proyecto-cc/youcount-youth-citizen-science-ciencia-ciudadana-juvenil/;Ciencias Sociales;Observatorio de la Ciencia Ciudadana en España;https://ciencia-ciudadana.es/proyecto-cc/
34;Servet;https://ciencia-ciudadana.es/proyecto-cc/servet/;Clima y Meteorología, Educación, Espacio y Astronomía, Informática y Ciencias de la Computación;Observatorio de la Ciencia Ciudadana en España;https://ciencia-ciudadana.es/proyecto-cc/
35;InterFungi.net – Red de observadores intergeneracionales del reino fungi en Aragón;https://ciencia-ciudadana.es/proyecto-cc/interfungi-red-observadores-setas-reino-fungi-aragon/;Biodiversidad, Biología, Ciencia de los Alimentos, Ciencias de la Agricultura y Veterinaria, Naturaleza y Aire Libre;Observatorio de la Ciencia Ciudadana en España;https://ciencia-ciudadana.es/proyecto-cc/
36;MedusApp;https://ciencia-ciudadana.es/proyecto-cc/medusapp/;Biología, Ecología y Medioambiente, Educación, Informática y Ciencias de la Computación, Naturaleza y Aire Libre, Océanos, Agua, Marino y Terrestre, Seguimiento de Especies a largo plazo;Observatorio de la Ciencia Ciudadana en España;https://ciencia-ciudadana.es/proyecto-cc/
37;Proyecto Plumbum – descontaminación de fondos marinos de metales pesados, el plomo.;https://ciencia-ciudadana.es/proyecto-cc/proyecto-plumbum-fondos-marinos/;Biodiversidad, Biología, Ecología y Medioambiente, Educación, Gestión de Recursos Naturales, Naturaleza y Aire Libre, Océanos, Agua, Marino y Terrestre;Observatorio de la Ciencia Ciudadana en España;https://ciencia-ciudadana.es/proyecto-cc/
38;OBA – Observatorio de la Biodiversidad Agraria;https://ciencia-ciudadana.es/proyecto-cc/cc-oba-observatorio-de-la-biodiversidad-agraria/;Animales, Biodiversidad, Biogeografía, Biología, Ciencias de la Agricultura y Veterinaria, Ecología y Medioambiente, Gestión de Recursos Naturales, Insectos y Polinizadores, Naturaleza y Aire Libre;Observatorio de la Ciencia Ciudadana en España;https://ciencia-ciudadana.es/proyecto-cc/
39;MEDNIGHT;https://ciencia-ciudadana.es/proyecto-cc/mednight/;Biodiversidad, Biogeografía, Clima y Meteorología, Ecología y Medioambiente, Geología y Ciencias de la Tierra, Océanos, Agua, Marino y Terrestre;Observatorio de la Ciencia Ciudadana en España;https://ciencia-ciudadana.es/proyecto-cc/
40;Laboratorio CIPAT;https://ciencia-ciudadana.es/proyecto-cc/laboratorio-cipat/;Ciencias Sociales, Educación, Geografía;Observatorio de la Ciencia Ciudadana en España;https://ciencia-ciudadana.es/proyecto-cc/
41;POSIMED;https://ciencia-ciudadana.es/proyecto-cc/posimed/;Biodiversidad, Ecología y Medioambiente, Océanos, Agua, Marino y Terrestre, Seguimiento de Especies a largo plazo;Observatorio de la Ciencia Ciudadana en España;https://ciencia-ciudadana.es/proyecto-cc/
42;Adopta una Planta;https://ciencia-ciudadana.es/proyecto-cc/adopta-una-planta/;Biodiversidad, Naturaleza y Aire Libre;Observatorio de la Ciencia Ciudadana en España;https://ciencia-ciudadana.es/proyecto-cc/
43;SINOBAS, Sistema de NOtificación de OBservaciones Atmosféricas Singulares;https://ciencia-ciudadana.es/proyecto-cc/sinobas/;Clima y Meteorología;Observatorio de la Ciencia Ciudadana en España;https://ciencia-ciudadana.es/proyecto-cc/
44;Proyecto SAFE –  Stop a los Atropellos de Fauna en España;https://ciencia-ciudadana.es/proyecto-cc/cc-proyecto-safe-stop-atropellos-animales-fauna-espana/;Animales, Biodiversidad, Naturaleza y Aire Libre;Observatorio de la Ciencia Ciudadana en España;https://ciencia-ciudadana.es/proyecto-cc/
45;Mobionrural – Experimento de movilidad rural;https://ciencia-ciudadana.es/proyecto-cc/mobionrural-experimento-de-movilidad-rural/;Ciencias Sociales, Ecología y Medioambiente, Geografía, Informática y Ciencias de la Computación, Transporte;Observatorio de la Ciencia Ciudadana en España;https://ciencia-ciudadana.es/proyecto-cc/
46;OpenTEK – Indicadores Locales de Impactos del Cambio Climático.;https://ciencia-ciudadana.es/proyecto-cc/opentek-indicadores-locales-de-impactos-del-cambio-climatico/;Animales, Biodiversidad, Biología, Ciencia de los Alimentos, Clima y Meteorología, Culturas Indígenas, Ecología y Medioambiente, Educación, Geografía, Geología y Ciencias de la Tierra, Insectos y Polinizadores, Naturaleza y Aire Libre, Océanos, Agua, Marino y Terrestre, Pájaros, Seguimiento de Especies a largo plazo;Observatorio de la Ciencia Ciudadana en España;https://ciencia-ciudadana.es/proyecto-cc/
47;LIFE INVASAQUA;https://ciencia-ciudadana.es/proyecto-cc/life-invasaqua/;Animales, Biodiversidad, Biogeografía, Biología, Ciencia de los Alimentos, Ciencias de la Agricultura y Veterinaria, Ecología y Medioambiente, Educación, Insectos y Polinizadores, Medicina y Salud, Naturaleza y Aire Libre, Océanos, Agua, Marino y Terrestre;Observatorio de la Ciencia Ciudadana en España;https://ciencia-ciudadana.es/proyecto-cc/
48;La fina hebra que nos une;https://ciencia-ciudadana.es/proyecto-cc/la-fina-hebra-que-nos-une/;Biología, Educación, Genética;Observatorio de la Ciencia Ciudadana en España;https://ciencia-ciudadana.es/proyecto-cc/
49;«CIUDADES que CUIDAN»;https://ciencia-ciudadana.es/proyecto-cc/ciudades-que-cuidan/;Biodiversidad, Biogeografía, Ciencias Políticas, Ciencias Sociales, Ecología y Medioambiente, Educación, Informática y Ciencias de la Computación, Medicina y Salud;Observatorio de la Ciencia Ciudadana en España;https://ciencia-ciudadana.es/proyecto-cc/
50;Aula Taller Museo de las Matemáticas Pi-ensa;https://ciencia-ciudadana.es/proyecto-cc/aula-taller-museo-de-las-matematicas-pi-ensa/;Educación, Informática y Ciencias de la Computación;Observatorio de la Ciencia Ciudadana en España;https://ciencia-ciudadana.es/proyecto-cc/
51;eBird España;https://ciencia-ciudadana.es/proyecto-cc/ebird-espana/;Animales, Biodiversidad, Pájaros, Seguimiento de Especies a largo plazo;Observatorio de la Ciencia Ciudadana en España;https://ciencia-ciudadana.es/proyecto-cc/
52;Aragón Open Air Museum;https://ciencia-ciudadana.es/proyecto-cc/aragon-open-air-museum/;Ciencias Sociales, Cultura y Arqueología, Educación, Geografía;Observatorio de la Ciencia Ciudadana en España;https://ciencia-ciudadana.es/proyecto-cc/
53;APICULTURA TRADICIONAL – BURGOS;https://ciencia-ciudadana.es/proyecto-cc/apicultura-tradicional-burgos/;Animales, Biodiversidad, Biología, Cultura y Arqueología, Ecología y Medioambiente, Educación, Geografía, Insectos y Polinizadores, Naturaleza y Aire Libre;Observatorio de la Ciencia Ciudadana en España;https://ciencia-ciudadana.es/proyecto-cc/
54;Ríos y riveras libres de plástico. Biodiversidad.;https://ciencia-ciudadana.es/proyecto-cc/rios-y-riveras-libres-de-plastico-biodiversidad/;Biodiversidad, Ecología y Medioambiente, Gestión de Recursos Naturales, Naturaleza y Aire Libre;Observatorio de la Ciencia Ciudadana en España;https://ciencia-ciudadana.es/proyecto-cc/
55;Urban Butterfly Monitoring Scheme – Observatorio ciudadano de mariposas urbanas en Madrid y Barcelona;https://ciencia-ciudadana.es/proyecto-cc/urban-butterfly-monitor-scheme-observatorio-ciudadano-de-mariposas-urbanas-en-madrid-y-barcelona/;Animales, Biodiversidad, Ecología y Medioambiente, Insectos y Polinizadores, Seguimiento de Especies a largo plazo;Observatorio de la Ciencia Ciudadana en España;https://ciencia-ciudadana.es/proyecto-cc/
56;AGEO;https://ciencia-ciudadana.es/proyecto-cc/ageo/;Geología y Ciencias de la Tierra;Observatorio de la Ciencia Ciudadana en España;https://ciencia-ciudadana.es/proyecto-cc/
57;#FakeNurses;https://ciencia-ciudadana.es/proyecto-cc/fakenurses/;Ciencias Políticas, Ciencias Sociales, Educación, Medicina y Salud;Observatorio de la Ciencia Ciudadana en España;https://ciencia-ciudadana.es/proyecto-cc/
58;Red de Alerta Temprana de Canarias para la detección e intervención de especies exóticas invasoras;https://ciencia-ciudadana.es/proyecto-cc/redexos-red-de-deteccion-e-intervencion-de-especies-exoticas-invasoras-de-canarias/;Animales, Biodiversidad, Biología, Ecología y Medioambiente, Educación, Gestión de Recursos Naturales, Insectos y Polinizadores, Naturaleza y Aire Libre, Océanos, Agua, Marino y Terrestre, Pájaros, Seguimiento de Especies a largo plazo;Observatorio de la Ciencia Ciudadana en España;https://ciencia-ciudadana.es/proyecto-cc/
59;COMPASS;https://ciencia-ciudadana.es/proyecto-cc/compass/;Medicina y Salud;Observatorio de la Ciencia Ciudadana en España;https://ciencia-ciudadana.es/proyecto-cc/
60;Arqueología satelital;https://ciencia-ciudadana.es/proyecto-cc/arqueologia-satelital/;Biodiversidad, Clima y Meteorología, Cultura y Arqueología, Educación, Espacio y Astronomía, Geología y Ciencias de la Tierra, Gestión de Recursos Naturales, Informática y Ciencias de la Computación;Observatorio de la Ciencia Ciudadana en España;https://ciencia-ciudadana.es/proyecto-cc/
61;CoastSnap Cádiz;https://ciencia-ciudadana.es/proyecto-cc/coastsnap-cadiz/;Clima y Meteorología, Ecología y Medioambiente, Geografía, Geología y Ciencias de la Tierra, Gestión de Recursos Naturales, Océanos, Agua, Marino y Terrestre;Observatorio de la Ciencia Ciudadana en España;https://ciencia-ciudadana.es/proyecto-cc/
62;Observatorio Ciudadano de la Sequía;https://ciencia-ciudadana.es/proyecto-cc/observatorio-ciudadano-de-la-sequia/;Ciencias Sociales, Clima y Meteorología, Ecología y Medioambiente, Geografía, Gestión de Recursos Naturales, Informática y Ciencias de la Computación, Océanos, Agua, Marino y Terrestre;Observatorio de la Ciencia Ciudadana en España;https://ciencia-ciudadana.es/proyecto-cc/
63;«Picture your microbes – Imagina tus microbios»;https://ciencia-ciudadana.es/proyecto-cc/picture-your-microbes-imagina-tus-microbios/;Biología, Ciencia de los Alimentos, Ciencias Químicas, Educación, Informática y Ciencias de la Computación, Medicina y Salud;Observatorio de la Ciencia Ciudadana en España;https://ciencia-ciudadana.es/proyecto-cc/
64;Proyecto de Voluntariado Hippocampus;https://ciencia-ciudadana.es/proyecto-cc/proyecto-de-voluntariado-hippocampus/;Biodiversidad, Biología, Ecología y Medioambiente, Océanos, Agua, Marino y Terrestre;Observatorio de la Ciencia Ciudadana en España;https://ciencia-ciudadana.es/proyecto-cc/
65;AquaCoLab – Burgos (FCT – 19 – 15215);https://ciencia-ciudadana.es/proyecto-cc/aquacolab-burgos-fct-19-15215/;Animales, Biodiversidad, Biología, Ciencias Químicas, Ecología y Medioambiente, Educación, Geología y Ciencias de la Tierra, Gestión de Recursos Naturales, Insectos y Polinizadores, Naturaleza y Aire Libre, Océanos, Agua, Marino y Terrestre, Pájaros, Seguimiento de Especies a largo plazo;Observatorio de la Ciencia Ciudadana en España;https://ciencia-ciudadana.es/proyecto-cc/
66;Fundesplai;https://ciencia-ciudadana.es/proyecto-cc/fundesplai/;Ciencia de los Alimentos, Ciencias Sociales, Ecología y Medioambiente, Educación;Observatorio de la Ciencia Ciudadana en España;https://ciencia-ciudadana.es/proyecto-cc/
67;WeCount – Ciencia ciudadana para contabilizar la movilidad;https://ciencia-ciudadana.es/proyecto-cc/wecount/;Ecología y Medioambiente, Transporte;Observatorio de la Ciencia Ciudadana en España;https://ciencia-ciudadana.es/proyecto-cc/
68;Plataforma MARNOBA-Caracterización de Basuras Marinas;https://ciencia-ciudadana.es/proyecto-cc/plataforma-marnoba/;Ecología y Medioambiente, Naturaleza y Aire Libre, Océanos, Agua, Marino y Terrestre;Observatorio de la Ciencia Ciudadana en España;https://ciencia-ciudadana.es/proyecto-cc/
69;Proyecto LIBERA;https://ciencia-ciudadana.es/proyecto-cc/proyecto-libera/;Animales, Biodiversidad, Biogeografía, Ciencias Sociales, Ecología y Medioambiente, Educación, Geografía, Geología y Ciencias de la Tierra, Gestión de Recursos Naturales, Naturaleza y Aire Libre, Océanos, Agua, Marino y Terrestre, Pájaros, Seguimiento de Especies a largo plazo;Observatorio de la Ciencia Ciudadana en España;https://ciencia-ciudadana.es/proyecto-cc/
70;Observatorio Cinegético;https://ciencia-ciudadana.es/proyecto-cc/observatorio-cinegetico/;Animales, Biodiversidad, Ecología y Medioambiente, Educación, Gestión de Recursos Naturales, Pájaros, Seguimiento de Especies a largo plazo;Observatorio de la Ciencia Ciudadana en España;https://ciencia-ciudadana.es/proyecto-cc/
71;PÁJAROS EN LA NUBE-Colegio Ángel Campano De Gines, Sevilla;https://ciencia-ciudadana.es/proyecto-cc/pajaros-en-la-nube-2/;Animales, Biodiversidad, Biología, Clima y Meteorología, Educación, Informática y Ciencias de la Computación, Insectos y Polinizadores, Pájaros;Observatorio de la Ciencia Ciudadana en España;https://ciencia-ciudadana.es/proyecto-cc/
72;AEV – Centro de Ciência Cidadã;https://ciencia-ciudadana.es/proyecto-cc/aev-centro-de-ciencia-cidada/;Animales, Biodiversidad, Biología, Ciencia de los Alimentos, Ecología y Medioambiente, Educación, Gestión de Recursos Naturales, Informática y Ciencias de la Computación, Naturaleza y Aire Libre, Pájaros;Observatorio de la Ciencia Ciudadana en España;https://ciencia-ciudadana.es/proyecto-cc/
73;The MECO project – Tiburones y Rayas del Mediterráneo Occidental;https://ciencia-ciudadana.es/proyecto-cc/the-meco-project-tiburones-y-rayas-del-mediterraneo-occidental/;Animales, Biodiversidad, Biogeografía, Biología, Ecología y Medioambiente, Educación, Naturaleza y Aire Libre, Océanos, Agua, Marino y Terrestre;Observatorio de la Ciencia Ciudadana en España;https://ciencia-ciudadana.es/proyecto-cc/
74;Surfrider España – Protegiendo el océano;https://ciencia-ciudadana.es/proyecto-cc/surfrider-espana-protegiendo-el-oceano/;Biodiversidad, Ciencias Políticas, Ciencias Sociales, Clima y Meteorología, Ecología y Medioambiente, Educación, Gestión de Recursos Naturales, Naturaleza y Aire Libre, Océanos, Agua, Marino y Terrestre;Observatorio de la Ciencia Ciudadana en España;https://ciencia-ciudadana.es/proyecto-cc/
75;Ocean Initiatives;https://ciencia-ciudadana.es/proyecto-cc/ocean-initiatives/;Ecología y Medioambiente, Educación, Gestión de Recursos Naturales, Naturaleza y Aire Libre, Océanos, Agua, Marino y Terrestre;Observatorio de la Ciencia Ciudadana en España;https://ciencia-ciudadana.es/proyecto-cc/
76;Proyecto COVID-PHYM;https://ciencia-ciudadana.es/proyecto-cc/proyecto-covid-phym/;Biología, Genética, Medicina y Salud;Observatorio de la Ciencia Ciudadana en España;https://ciencia-ciudadana.es/proyecto-cc/
77;Detección precoz del riesgo de diabetes gestacional;https://ciencia-ciudadana.es/proyecto-cc/deteccion-precoz-del-riesgo-de-diabetes-gestacional/;Biología, Medicina y Salud;Observatorio de la Ciencia Ciudadana en España;https://ciencia-ciudadana.es/proyecto-cc/
78;Proyecto Ríos;https://ciencia-ciudadana.es/proyecto-cc/proyecto-rios-2/;Animales, Biodiversidad, Clima y Meteorología, Ecología y Medioambiente, Educación, Gestión de Recursos Naturales, Insectos y Polinizadores, Naturaleza y Aire Libre, Pájaros, Seguimiento de Especies a largo plazo;Observatorio de la Ciencia Ciudadana en España;https://ciencia-ciudadana.es/proyecto-cc/
79;FLOODUP;https://ciencia-ciudadana.es/proyecto-cc/floodup/;Clima y Meteorología, Educación, Geografía, Geología y Ciencias de la Tierra, Gestión de Recursos Naturales, Naturaleza y Aire Libre, Océanos, Agua, Marino y Terrestre;Observatorio de la Ciencia Ciudadana en España;https://ciencia-ciudadana.es/proyecto-cc/
80;CoActuamos para la Salud Mental;https://ciencia-ciudadana.es/proyecto-cc/coactuamos-para-la-salud-mental/;Ciencias Sociales, Física, Informática y Ciencias de la Computación;Observatorio de la Ciencia Ciudadana en España;https://ciencia-ciudadana.es/proyecto-cc/
81;CoAct (Co-designing Citizen Social Science for Collective Action)/ Co-diseñando la Ciencia Ciudadana Social para la Acción Colectiva;https://ciencia-ciudadana.es/proyecto-cc/coact-co-designing-citizen-social-science-for-collective-action-co-disenando-la-ciencia-ciudadana-social-para-la-accion-colectiva/;Ciencias Sociales, Informática y Ciencias de la Computación, Medicina y Salud;Observatorio de la Ciencia Ciudadana en España;https://ciencia-ciudadana.es/proyecto-cc/
82;Cities-Health;https://ciencia-ciudadana.es/proyecto-cc/cities-health/;Medicina y Salud, Sonido;Observatorio de la Ciencia Ciudadana en España;https://ciencia-ciudadana.es/proyecto-cc/
83;MelanogasterCTF – Red Europea en Genómica de la Adaptación;https://ciencia-ciudadana.es/proyecto-cc/melanogasterctf-red-europea-en-genomica-de-la-adaptacion/;Biodiversidad, Biología, Ecología y Medioambiente, Educación, Genética, Geología y Ciencias de la Tierra, Gestión de Recursos Naturales, Informática y Ciencias de la Computación, Insectos y Polinizadores, Naturaleza y Aire Libre, Seguimiento de Especies a largo plazo;Observatorio de la Ciencia Ciudadana en España;https://ciencia-ciudadana.es/proyecto-cc/
84;EnviroCitizen;https://ciencia-ciudadana.es/proyecto-cc/envirocitizen/;Animales, Ecología y Medioambiente, Educación, Naturaleza y Aire Libre, Pájaros;Observatorio de la Ciencia Ciudadana en España;https://ciencia-ciudadana.es/proyecto-cc/
85;Cos4Cloud;https://ciencia-ciudadana.es/proyecto-cc/cos4cloud/;Biodiversidad, Ecología y Medioambiente, Informática y Ciencias de la Computación;Observatorio de la Ciencia Ciudadana en España;https://ciencia-ciudadana.es/proyecto-cc/
86;Desafío Bajo Zero;https://ciencia-ciudadana.es/proyecto-cc/desafio-bajo-zero/;Clima y Meteorología, Educación, Geografía, Geología y Ciencias de la Tierra, Informática y Ciencias de la Computación;Observatorio de la Ciencia Ciudadana en España;https://ciencia-ciudadana.es/proyecto-cc/
87;Vigilantes del Aire;https://ciencia-ciudadana.es/proyecto-cc/vigilantes-del-aire/;Biodiversidad, Ecología y Medioambiente, Océanos, Agua, Marino y Terrestre;Observatorio de la Ciencia Ciudadana en España;https://ciencia-ciudadana.es/proyecto-cc/
88;URBAMAR – Anèl·lides;https://ciencia-ciudadana.es/proyecto-cc/urbamar-anel%c2%b7lides/;Animales, Biodiversidad, Biología, Educación, Naturaleza y Aire Libre, Océanos, Agua, Marino y Terrestre;Observatorio de la Ciencia Ciudadana en España;https://ciencia-ciudadana.es/proyecto-cc/
89;GEOVACUI;https://ciencia-ciudadana.es/proyecto-cc/geovacui/;Ciencias Sociales, Geografía;Observatorio de la Ciencia Ciudadana en España;https://ciencia-ciudadana.es/proyecto-cc/
90;Retorno al Mar;https://ciencia-ciudadana.es/proyecto-cc/retorno-al-mar/;Biodiversidad, Naturaleza y Aire Libre, Océanos, Agua, Marino y Terrestre;Observatorio de la Ciencia Ciudadana en España;https://ciencia-ciudadana.es/proyecto-cc/
91;Paddle Surfing for Science on microplastic pollution;https://ciencia-ciudadana.es/proyecto-cc/paddle-surfing-for-science-on-microplastic-pollution/;Ecología y Medioambiente, Geología y Ciencias de la Tierra, Océanos, Agua, Marino y Terrestre;Observatorio de la Ciencia Ciudadana en España;https://ciencia-ciudadana.es/proyecto-cc/
92;D-NOSES – Ciencia Ciudadana para la gestión de olores;https://ciencia-ciudadana.es/proyecto-cc/d-noses-ciencia-ciudadana-para-la-gestion-de-olores/;Ecología y Medioambiente, Naturaleza y Aire Libre;Observatorio de la Ciencia Ciudadana en España;https://ciencia-ciudadana.es/proyecto-cc/
93;FAUNAPYR – Portal de citas de fauna en Pirineos;https://ciencia-ciudadana.es/proyecto-cc/faunapyr-portal-de-citas-de-fauna-en-pirineos/;Animales, Biogeografía, Pájaros;Observatorio de la Ciencia Ciudadana en España;https://ciencia-ciudadana.es/proyecto-cc/
94;AZOTEA;https://ciencia-ciudadana.es/proyecto-cc/azotea/;Clima y Meteorología, Ecología y Medioambiente, Espacio y Astronomía, Física;Observatorio de la Ciencia Ciudadana en España;https://ciencia-ciudadana.es/proyecto-cc/
95;Seguimiento y gestión sostenible de la codorniz;https://ciencia-ciudadana.es/proyecto-cc/seguimiento-y-gestion-sostenible-de-la-codorniz/;Animales, Biodiversidad, Biología, Ecología y Medioambiente, Educación, Gestión de Recursos Naturales, Naturaleza y Aire Libre, Pájaros, Seguimiento de Especies a largo plazo;Observatorio de la Ciencia Ciudadana en España;https://ciencia-ciudadana.es/proyecto-cc/
96;ASTROS;https://ciencia-ciudadana.es/proyecto-cc/astros-asturias-recupera-los-cielos/;Animales, Biodiversidad, Biología, Ecología y Medioambiente, Educación, Espacio y Astronomía, Insectos y Polinizadores, Medicina y Salud, Pájaros;Observatorio de la Ciencia Ciudadana en España;https://ciencia-ciudadana.es/proyecto-cc/
97;SoilSkin – La Piel Viva del Suelo;https://ciencia-ciudadana.es/proyecto-cc/soilskin-la-piel-viva-del-suelo-un-programa-de-ciencia-ciudadana-para-evaluar-la-vulnerabilidad-del-ecosistema-del-suelo-frente-al-cambio-global/;Biodiversidad, Biología, Ecología y Medioambiente;Observatorio de la Ciencia Ciudadana en España;https://ciencia-ciudadana.es/proyecto-cc/
98;eCoCrEALab (FCT-18 -13302);https://ciencia-ciudadana.es/proyecto-cc/laboratorios-colaborativos-y-ciencia-ciudadana-para-el-estudio-de-los-ecosistemas-acuaticos-ecocrealab-fct-18-13302/;Animales, Biodiversidad, Biología, Ciencias Químicas, Ecología y Medioambiente, Educación, Geología y Ciencias de la Tierra, Gestión de Recursos Naturales, Insectos y Polinizadores, Naturaleza y Aire Libre, Océanos, Agua, Marino y Terrestre, Pájaros, Seguimiento de Especies a largo plazo;Observatorio de la Ciencia Ciudadana en España;https://ciencia-ciudadana.es/proyecto-cc/
99;Proyecto 100&CIA PARA VITORIA-GASTEIZ;https://ciencia-ciudadana.es/proyecto-cc/proyecto-100cia-para-vitoria-gasteiz/;Animales, Biodiversidad, Biología, Ciencias de la Agricultura y Veterinaria, Ecología y Medioambiente, Educación, Gestión de Recursos Naturales, Insectos y Polinizadores, Naturaleza y Aire Libre, Seguimiento de Especies a largo plazo;Observatorio de la Ciencia Ciudadana en España;https://ciencia-ciudadana.es/proyecto-cc/
100;Pájaros en la nube;https://ciencia-ciudadana.es/proyecto-cc/pajaros-en-la-nube/;Animales, Biodiversidad, Biología, Clima y Meteorología, Ecología y Medioambiente, Educación, Insectos y Polinizadores, Naturaleza y Aire Libre, Océanos, Agua, Marino y Terrestre, Pájaros, Seguimiento de Especies a largo plazo;Observatorio de la Ciencia Ciudadana en España;https://ciencia-ciudadana.es/proyecto-cc/
101;Street Spectra;https://ciencia-ciudadana.es/proyecto-cc/street-spectra/;Ecología y Medioambiente, Espacio y Astronomía, Física, Medicina y Salud;Observatorio de la Ciencia Ciudadana en España;https://ciencia-ciudadana.es/proyecto-cc/
102;Gerontec;https://ciencia-ciudadana.es/proyecto-cc/aprendizaje-automatico-como-herramienta-de-ciencia-ciudadana-para-mejorar-la-calidad-de-vida-de-las-personas-mayores-y-sus-personas-cuidadoras/;Informática y Ciencias de la Computación, Medicina y Salud;Observatorio de la Ciencia Ciudadana en España;https://ciencia-ciudadana.es/proyecto-cc/
103;Observatorio de la Ciencia Ciudadana en Zaragoza;https://ciencia-ciudadana.es/proyecto-cc/observatorio-de-la-ciencia-ciudadana-en-zaragoza/;Ciencias Sociales, Clima y Meteorología, Ecología y Medioambiente, Geografía, Informática y Ciencias de la Computación, Sonido, Transporte;Observatorio de la Ciencia Ciudadana en España;https://ciencia-ciudadana.es/proyecto-cc/
104;Buenas Vibraciones;https://ciencia-ciudadana.es/proyecto-cc/buenas-vibraciones/;Ciencias Sociales, Ecología y Medioambiente, Sonido;Observatorio de la Ciencia Ciudadana en España;https://ciencia-ciudadana.es/proyecto-cc/
105;Estudio COVID-HAB;https://ciencia-ciudadana.es/proyecto-cc/estudio-sobre-confinamiento-covid-19-vivienda-y-habitabilidad-covid-hab/;Ecología y Medioambiente, Medicina y Salud;Observatorio de la Ciencia Ciudadana en España;https://ciencia-ciudadana.es/proyecto-cc/
106;Algoritmo Mercè;https://ciencia-ciudadana.es/proyecto-cc/merce-algoritmo/;Ciencias Sociales, Informática y Ciencias de la Computación;Observatorio de la Ciencia Ciudadana en España;https://ciencia-ciudadana.es/proyecto-cc/
107;POSTORY – UAM;https://ciencia-ciudadana.es/proyecto-cc/postory-uam/;Biodiversidad, Ciencias Sociales, Ecología y Medioambiente;Observatorio de la Ciencia Ciudadana en España;https://ciencia-ciudadana.es/proyecto-cc/
108;Proyecto Ríos, Asociación Hábitats;https://ciencia-ciudadana.es/proyecto-cc/proyecto-rios-asociacion-habitats/;Biodiversidad, Ecología y Medioambiente, Océanos, Agua, Marino y Terrestre;Observatorio de la Ciencia Ciudadana en España;https://ciencia-ciudadana.es/proyecto-cc/
109;Grupo de investigación GIANT;https://ciencia-ciudadana.es/proyecto-cc/grupo-de-investigacion-giant/;Ciencias Sociales, Informática y Ciencias de la Computación, Medicina y Salud;Observatorio de la Ciencia Ciudadana en España;https://ciencia-ciudadana.es/proyecto-cc/
110;Biodibal;https://ciencia-ciudadana.es/proyecto-cc/biodibal/;Biodiversidad, Ecología y Medioambiente;Observatorio de la Ciencia Ciudadana en España;https://ciencia-ciudadana.es/proyecto-cc/
111;MammalNet;https://ciencia-ciudadana.es/proyecto-cc/mammalnet/;Animales, Biodiversidad;Observatorio de la Ciencia Ciudadana en España;https://ciencia-ciudadana.es/proyecto-cc/
112;Embajadores de la biodiversidad;https://ciencia-ciudadana.es/proyecto-cc/embajadores-de-la-biodiversidad/;Biodiversidad, Ciencia de los Alimentos, Ecología y Medioambiente;Observatorio de la Ciencia Ciudadana en España;https://ciencia-ciudadana.es/proyecto-cc/
113;Terrabiota;https://ciencia-ciudadana.es/proyecto-cc/terrabiota/;Biodiversidad, Ecología y Medioambiente, Informática y Ciencias de la Computación;Observatorio de la Ciencia Ciudadana en España;https://ciencia-ciudadana.es/proyecto-cc/
114;AMBER;https://ciencia-ciudadana.es/proyecto-cc/amber/;Biodiversidad, Ecología y Medioambiente, Gestión de Recursos Naturales, Océanos, Agua, Marino y Terrestre;Observatorio de la Ciencia Ciudadana en España;https://ciencia-ciudadana.es/proyecto-cc/
115;RitmeNatura;https://ciencia-ciudadana.es/proyecto-cc/ritmenatura/;;Observatorio de la Ciencia Ciudadana en España;https://ciencia-ciudadana.es/proyecto-cc/
116;Andarríos;https://ciencia-ciudadana.es/proyecto-cc/andarrios/;Biodiversidad, Ecología y Medioambiente, Gestión de Recursos Naturales, Océanos, Agua, Marino y Terrestre;Observatorio de la Ciencia Ciudadana en España;https://ciencia-ciudadana.es/proyecto-cc/
117;Diviértete con la Estadística;https://ciencia-ciudadana.es/proyecto-cc/diviertete-con-la-estadistica/;Ecología y Medioambiente, Informática y Ciencias de la Computación, Medicina y Salud;Observatorio de la Ciencia Ciudadana en España;https://ciencia-ciudadana.es/proyecto-cc/
118;Revista Mundo ArtróPodo;https://ciencia-ciudadana.es/proyecto-cc/revista-mundo-artropodo/;Animales, Biodiversidad, Ecología y Medioambiente;Observatorio de la Ciencia Ciudadana en España;https://ciencia-ciudadana.es/proyecto-cc/
119;ANAPRI;https://ciencia-ciudadana.es/proyecto-cc/anapri/;Biodiversidad;Observatorio de la Ciencia Ciudadana en España;https://ciencia-ciudadana.es/proyecto-cc/
120;Projecte Atenció;https://ciencia-ciudadana.es/proyecto-cc/projecte-atencio/;Ciencias Sociales, Ecología y Medioambiente, Educación, Medicina y Salud;Observatorio de la Ciencia Ciudadana en España;https://ciencia-ciudadana.es/proyecto-cc/
121;GLOBAL COMPUTING GROUP;https://ciencia-ciudadana.es/proyecto-cc/global-computing-group/;Informática y Ciencias de la Computación;Observatorio de la Ciencia Ciudadana en España;https://ciencia-ciudadana.es/proyecto-cc/
122;JOAQUÍN SALVACHÚA;https://ciencia-ciudadana.es/proyecto-cc/joaquin-salvachua/;;Observatorio de la Ciencia Ciudadana en España;https://ciencia-ciudadana.es/proyecto-cc/
123;Asociación Botánica y Micológica de Jaén;https://ciencia-ciudadana.es/proyecto-cc/asociacion-botanica-y-micologica-de-jaen/;Ecología y Medioambiente, Gestión de Recursos Naturales, Naturaleza y Aire Libre;Observatorio de la Ciencia Ciudadana en España;https://ciencia-ciudadana.es/proyecto-cc/
124;Make It Special;https://ciencia-ciudadana.es/proyecto-cc/make-it-special/;Informática y Ciencias de la Computación, Medicina y Salud;Observatorio de la Ciencia Ciudadana en España;https://ciencia-ciudadana.es/proyecto-cc/
125;Exposición Musicaconciencia ¡Esto me suena!;https://ciencia-ciudadana.es/proyecto-cc/exposicion-musicaconciencia-esto-me-suena/;Ciencias Sociales, Ecología y Medioambiente, Educación;Observatorio de la Ciencia Ciudadana en España;https://ciencia-ciudadana.es/proyecto-cc/
126;CiviLab;https://ciencia-ciudadana.es/proyecto-cc/civilab/;Ciencias Sociales;Observatorio de la Ciencia Ciudadana en España;https://ciencia-ciudadana.es/proyecto-cc/
127;IDIAPJGol;https://ciencia-ciudadana.es/proyecto-cc/idiapjgol/;Ciencias Sociales, Medicina y Salud;Observatorio de la Ciencia Ciudadana en España;https://ciencia-ciudadana.es/proyecto-cc/
128;UHUaerosol;https://ciencia-ciudadana.es/proyecto-cc/uhuaerosol/;Ecología y Medioambiente;Observatorio de la Ciencia Ciudadana en España;https://ciencia-ciudadana.es/proyecto-cc/
129;Library Living Lab;https://ciencia-ciudadana.es/proyecto-cc/library-living-lab/;Ciencias Sociales, Informática y Ciencias de la Computación, Transporte;Observatorio de la Ciencia Ciudadana en España;https://ciencia-ciudadana.es/proyecto-cc/
130;Ignacio hojas;https://ciencia-ciudadana.es/proyecto-cc/ignacio-hojas/;Biodiversidad, Ecología y Medioambiente, Geografía, Informática y Ciencias de la Computación;Observatorio de la Ciencia Ciudadana en España;https://ciencia-ciudadana.es/proyecto-cc/
131;Felipe Recasens Chacón;https://ciencia-ciudadana.es/proyecto-cc/felipe-recasens-chacon/;;Observatorio de la Ciencia Ciudadana en España;https://ciencia-ciudadana.es/proyecto-cc/
132;Parlamento joven;https://ciencia-ciudadana.es/proyecto-cc/parlamento-joven/;Biodiversidad, Ciencias Sociales;Observatorio de la Ciencia Ciudadana en España;https://ciencia-ciudadana.es/proyecto-cc/
133;Constancio Aguirre;https://ciencia-ciudadana.es/proyecto-cc/constancio-aguirre/;Biodiversidad, Espacio y Astronomía;Observatorio de la Ciencia Ciudadana en España;https://ciencia-ciudadana.es/proyecto-cc/
134;PLANTTES;https://ciencia-ciudadana.es/proyecto-cc/planttes/;Biodiversidad, Ecología y Medioambiente, Medicina y Salud;Observatorio de la Ciencia Ciudadana en España;https://ciencia-ciudadana.es/proyecto-cc/
135;René Aga;https://ciencia-ciudadana.es/proyecto-cc/rene-aga/;Biodiversidad, Ciencias Químicas, Ecología y Medioambiente, Gestión de Recursos Naturales, Medicina y Salud;Observatorio de la Ciencia Ciudadana en España;https://ciencia-ciudadana.es/proyecto-cc/
136;Alimentus;https://ciencia-ciudadana.es/proyecto-cc/alimentus/;Ciencia de los Alimentos, Medicina y Salud;Observatorio de la Ciencia Ciudadana en España;https://ciencia-ciudadana.es/proyecto-cc/
137;Apadrina una roca;https://ciencia-ciudadana.es/proyecto-cc/apadrina-una-roca/;Biodiversidad, Ecología y Medioambiente, Educación, Geología y Ciencias de la Tierra, Naturaleza y Aire Libre;Observatorio de la Ciencia Ciudadana en España;https://ciencia-ciudadana.es/proyecto-cc/
138;GENIGMA;https://ciencia-ciudadana.es/proyecto-cc/genigma_1/;Biología, Medicina y Salud;Observatorio de la Ciencia Ciudadana en España;https://ciencia-ciudadana.es/proyecto-cc/
139;GavaLab;https://ciencia-ciudadana.es/proyecto-cc/gavalab/;Biodiversidad, Ciencias Sociales, Informática y Ciencias de la Computación;Observatorio de la Ciencia Ciudadana en España;https://ciencia-ciudadana.es/proyecto-cc/
140;ParticipAIRE;https://ciencia-ciudadana.es/proyecto-cc/participaire/;Ecología y Medioambiente, Educación, Medicina y Salud;Observatorio de la Ciencia Ciudadana en España;https://ciencia-ciudadana.es/proyecto-cc/
141;Jaume Piera;https://ciencia-ciudadana.es/proyecto-cc/jaume-piera/;Biodiversidad, Ecología y Medioambiente, Informática y Ciencias de la Computación, Medicina y Salud;Observatorio de la Ciencia Ciudadana en España;https://ciencia-ciudadana.es/proyecto-cc/
142;Miguel Ángel Queiruga Dios;https://ciencia-ciudadana.es/proyecto-cc/miguel-angel-queiruga-dios/;Biodiversidad, Ecología y Medioambiente, Espacio y Astronomía, Informática y Ciencias de la Computación;Observatorio de la Ciencia Ciudadana en España;https://ciencia-ciudadana.es/proyecto-cc/
143;Mónica Pallardó Puig;https://ciencia-ciudadana.es/proyecto-cc/monica-pallardo-puig/;Espacio y Astronomía;Observatorio de la Ciencia Ciudadana en España;https://ciencia-ciudadana.es/proyecto-cc/
144;Centinelas del Mar;https://ciencia-ciudadana.es/proyecto-cc/centinelas-del-mar/;Biodiversidad, Ecología y Medioambiente, Océanos, Agua, Marino y Terrestre;Observatorio de la Ciencia Ciudadana en España;https://ciencia-ciudadana.es/proyecto-cc/
145;El Lenguaje Universal de la Tabla Periódica de los Elementos;https://ciencia-ciudadana.es/proyecto-cc/el-lenguaje-universal-de-la-tabla-periodica-de-los-elementos/;Ciencias Químicas, Educación;Observatorio de la Ciencia Ciudadana en España;https://ciencia-ciudadana.es/proyecto-cc/
146;Instituto Universitario de Matemáticas y Aplicaciones;https://ciencia-ciudadana.es/proyecto-cc/instituto-universitario-de-matematicas-y-aplicaciones/;Espacio y Astronomía;Observatorio de la Ciencia Ciudadana en España;https://ciencia-ciudadana.es/proyecto-cc/
147;Identificación de asteroides cercanos a la Tierra;https://ciencia-ciudadana.es/proyecto-cc/identificacion-de-asteroides-cercanos-a-la-tierra/;Espacio y Astronomía;Observatorio de la Ciencia Ciudadana en España;https://ciencia-ciudadana.es/proyecto-cc/
148;Ricardo Mutuberria;https://ciencia-ciudadana.es/proyecto-cc/ricardo-mutuberria/;Biodiversidad, Biología, Ecología y Medioambiente;Observatorio de la Ciencia Ciudadana en España;https://ciencia-ciudadana.es/proyecto-cc/
149;BBK Open Science;https://ciencia-ciudadana.es/proyecto-cc/bbk-open-science/;Biología, Ecología y Medioambiente, Medicina y Salud;Observatorio de la Ciencia Ciudadana en España;https://ciencia-ciudadana.es/proyecto-cc/
150;biook.org;https://ciencia-ciudadana.es/proyecto-cc/biook-org/;Biodiversidad, Biología, Ecología y Medioambiente, Medicina y Salud;Observatorio de la Ciencia Ciudadana en España;https://ciencia-ciudadana.es/proyecto-cc/
151;CONCISE;https://ciencia-ciudadana.es/proyecto-cc/concise/;Biodiversidad, Ciencias Sociales, Ecología y Medioambiente, Medicina y Salud;Observatorio de la Ciencia Ciudadana en España;https://ciencia-ciudadana.es/proyecto-cc/
152;Algoritmo Arturo;https://ciencia-ciudadana.es/proyecto-cc/algoritmo-arturo/;Informática y Ciencias de la Computación, Transporte;Observatorio de la Ciencia Ciudadana en España;https://ciencia-ciudadana.es/proyecto-cc/
153;BioBlitzBCN;https://ciencia-ciudadana.es/proyecto-cc/bioblitzbcn/;Biodiversidad, Ecología y Medioambiente;Observatorio de la Ciencia Ciudadana en España;https://ciencia-ciudadana.es/proyecto-cc/
154;Asociación Noctiluca;https://ciencia-ciudadana.es/proyecto-cc/asocicion-noctiluca/;Biodiversidad, Ciencias Sociales, Ecología y Medioambiente, Medicina y Salud;Observatorio de la Ciencia Ciudadana en España;https://ciencia-ciudadana.es/proyecto-cc/
155;Ciudadanía y lugar;https://ciencia-ciudadana.es/proyecto-cc/ciudadania-y-lugar/;Ciencias Sociales;Observatorio de la Ciencia Ciudadana en España;https://ciencia-ciudadana.es/proyecto-cc/
156;PERSIST_EU;https://ciencia-ciudadana.es/proyecto-cc/persist_eu/;Biodiversidad, Ciencias Sociales, Ecología y Medioambiente, Medicina y Salud;Observatorio de la Ciencia Ciudadana en España;https://ciencia-ciudadana.es/proyecto-cc/
157;Observado.es;https://ciencia-ciudadana.es/proyecto-cc/observado-es/;Biodiversidad, Ecología y Medioambiente;Observatorio de la Ciencia Ciudadana en España;https://ciencia-ciudadana.es/proyecto-cc/
158;Educatribu;https://ciencia-ciudadana.es/proyecto-cc/educatribu/;Biodiversidad, Ciencias Sociales, Ecología y Medioambiente, Educación, Informática y Ciencias de la Computación, Medicina y Salud;Observatorio de la Ciencia Ciudadana en España;https://ciencia-ciudadana.es/proyecto-cc/
159;Víctor Barahona;https://ciencia-ciudadana.es/proyecto-cc/victor-barahona/;Ecología y Medioambiente, Informática y Ciencias de la Computación;Observatorio de la Ciencia Ciudadana en España;https://ciencia-ciudadana.es/proyecto-cc/
160;Quixote Innovation;https://ciencia-ciudadana.es/proyecto-cc/quixote-innovation/;Biodiversidad, Ecología y Medioambiente, Espacio y Astronomía, Geología y Ciencias de la Tierra, Informática y Ciencias de la Computación;Observatorio de la Ciencia Ciudadana en España;https://ciencia-ciudadana.es/proyecto-cc/
161;Antonio Canepa;https://ciencia-ciudadana.es/proyecto-cc/antonio-canepa/;Biodiversidad, Ecología y Medioambiente, Informática y Ciencias de la Computación;Observatorio de la Ciencia Ciudadana en España;https://ciencia-ciudadana.es/proyecto-cc/
162;La web de Anilandro;https://ciencia-ciudadana.es/proyecto-cc/la-web-de-anilandro/;Informática y Ciencias de la Computación;Observatorio de la Ciencia Ciudadana en España;https://ciencia-ciudadana.es/proyecto-cc/
163;Forno;https://ciencia-ciudadana.es/proyecto-cc/forno/;Ecología y Medioambiente;Observatorio de la Ciencia Ciudadana en España;https://ciencia-ciudadana.es/proyecto-cc/
164;LiquenCity;https://ciencia-ciudadana.es/proyecto-cc/liquencity/;Biodiversidad, Ecología y Medioambiente, Medicina y Salud;Observatorio de la Ciencia Ciudadana en España;https://ciencia-ciudadana.es/proyecto-cc/
165;Student Motivatión and Promote Scientific Literacy;https://ciencia-ciudadana.es/proyecto-cc/exploring-different-methods-of-science-teaching-to-increase-student-motivation-and-promote-scientific-literacy/;Biodiversidad, Biología, Ciencias Sociales, Ecología y Medioambiente;Observatorio de la Ciencia Ciudadana en España;https://ciencia-ciudadana.es/proyecto-cc/
166;Hamelin;https://ciencia-ciudadana.es/proyecto-cc/hamelin/;Biodiversidad, Ciencias Sociales, Ecología y Medioambiente;Observatorio de la Ciencia Ciudadana en España;https://ciencia-ciudadana.es/proyecto-cc/
167;Cátedra ‘Discapacidad, Enfermedad Crónica y Accesibilidad a los Derechos’;https://ciencia-ciudadana.es/proyecto-cc/catedra-discapacidad-enfermedad-cronica-y-accesibilidad-a-los-derechos-de-la-universidad-de-alcala/;Ciencias Sociales;Observatorio de la Ciencia Ciudadana en España;https://ciencia-ciudadana.es/proyecto-cc/
168;Lagunas de Sierra Nevada;https://ciencia-ciudadana.es/proyecto-cc/lagunas-de-sierra-nevada/;Biodiversidad, Ecología y Medioambiente;Observatorio de la Ciencia Ciudadana en España;https://ciencia-ciudadana.es/proyecto-cc/
169;Proyecto Greco;https://ciencia-ciudadana.es/proyecto-cc/proyecto-greco/;Física;Observatorio de la Ciencia Ciudadana en España;https://ciencia-ciudadana.es/proyecto-cc/
170;Fundación de los Ferrocarriles Españoles;https://ciencia-ciudadana.es/proyecto-cc/fundacion-de-los-ferrocarriles-espanoles/;Biodiversidad, Ecología y Medioambiente, Naturaleza y Aire Libre;Observatorio de la Ciencia Ciudadana en España;https://ciencia-ciudadana.es/proyecto-cc/
171;Universidad de los Pacientes;https://ciencia-ciudadana.es/proyecto-cc/universidad-de-los-pacientes/;Biología, Medicina y Salud;Observatorio de la Ciencia Ciudadana en España;https://ciencia-ciudadana.es/proyecto-cc/
172;AmBioBlitz UAL;https://ciencia-ciudadana.es/proyecto-cc/ambioblitz-ual/;Animales, Biodiversidad, Ecología y Medioambiente, Pájaros;Observatorio de la Ciencia Ciudadana en España;https://ciencia-ciudadana.es/proyecto-cc/
173;AluCIENCIAnante;https://ciencia-ciudadana.es/proyecto-cc/aluciencianante/;Biodiversidad, Ecología y Medioambiente, Educación, Espacio y Astronomía;Observatorio de la Ciencia Ciudadana en España;https://ciencia-ciudadana.es/proyecto-cc/
174;Mapeado Colaborativo;https://ciencia-ciudadana.es/proyecto-cc/mapeado-colaborativo/;Ciencias Sociales;Observatorio de la Ciencia Ciudadana en España;https://ciencia-ciudadana.es/proyecto-cc/
175;Aquatours Almería;https://ciencia-ciudadana.es/proyecto-cc/aquatours-almeria/;Biodiversidad, Océanos, Agua, Marino y Terrestre;Observatorio de la Ciencia Ciudadana en España;https://ciencia-ciudadana.es/proyecto-cc/
176;Universidad CEU  Cardenal Herrera;https://ciencia-ciudadana.es/proyecto-cc/universidad-ceu-cardenal-herrera/;Biodiversidad, Ecología y Medioambiente, Medicina y Salud;Observatorio de la Ciencia Ciudadana en España;https://ciencia-ciudadana.es/proyecto-cc/
177;ALERTA FORESTAL – Salud de los bosques y cambio climático;https://ciencia-ciudadana.es/proyecto-cc/alerta-forestal-salud-de-los-bosques-y-cambio-climatico/;Ecología y Medioambiente, Naturaleza y Aire Libre;Observatorio de la Ciencia Ciudadana en España;https://ciencia-ciudadana.es/proyecto-cc/
178;Monique Leivas Vargas;https://ciencia-ciudadana.es/proyecto-cc/monique-leivas-vargas/;Ciencias Sociales, Ecología y Medioambiente, Informática y Ciencias de la Computación, Medicina y Salud;Observatorio de la Ciencia Ciudadana en España;https://ciencia-ciudadana.es/proyecto-cc/
179;Asociación Española de Ecología Terrestre;https://ciencia-ciudadana.es/proyecto-cc/asociacion-espanola-de-ecologia-terrestre/;Biodiversidad, Ecología y Medioambiente;Observatorio de la Ciencia Ciudadana en España;https://ciencia-ciudadana.es/proyecto-cc/
180;Conocimiento Compartido – Universidad de Córdoba;https://ciencia-ciudadana.es/proyecto-cc/conocimiento-compartido-universidad-de-cordoba/;Biodiversidad, Ciencias Sociales, Ecología y Medioambiente, Informática y Ciencias de la Computación, Medicina y Salud;Observatorio de la Ciencia Ciudadana en España;https://ciencia-ciudadana.es/proyecto-cc/
181;Comunidad Educativa Alpartir;https://ciencia-ciudadana.es/proyecto-cc/comunidad-educativa-alpartir/;Educación;Observatorio de la Ciencia Ciudadana en España;https://ciencia-ciudadana.es/proyecto-cc/
182;Grupo FEM;https://ciencia-ciudadana.es/proyecto-cc/grupo-fem/;Biodiversidad, Ecología y Medioambiente;Observatorio de la Ciencia Ciudadana en España;https://ciencia-ciudadana.es/proyecto-cc/
183;XXIII Congreso Estatal de Astronomía;https://ciencia-ciudadana.es/proyecto-cc/xxiii-congreso-estatal-de-astronomia/;Espacio y Astronomía;Observatorio de la Ciencia Ciudadana en España;https://ciencia-ciudadana.es/proyecto-cc/
184;Fundación Descubre;https://ciencia-ciudadana.es/proyecto-cc/fundacion-descubre/;Biodiversidad, Ciencias Sociales, Espacio y Astronomía, Informática y Ciencias de la Computación;Observatorio de la Ciencia Ciudadana en España;https://ciencia-ciudadana.es/proyecto-cc/
185;Jordi Domènech Casal;https://ciencia-ciudadana.es/proyecto-cc/jordi-domenech-casal/;Biodiversidad, Ciencias Sociales, Ecología y Medioambiente, Espacio y Astronomía, Medicina y Salud;Observatorio de la Ciencia Ciudadana en España;https://ciencia-ciudadana.es/proyecto-cc/
186;MEDIALAB – Universidad de Salamanca;https://ciencia-ciudadana.es/proyecto-cc/medialab-universidad-de-salamanca/;Ciencias Sociales, Informática y Ciencias de la Computación;Observatorio de la Ciencia Ciudadana en España;https://ciencia-ciudadana.es/proyecto-cc/
187;Photovoice;https://ciencia-ciudadana.es/proyecto-cc/photovoice/;Medicina y Salud;Observatorio de la Ciencia Ciudadana en España;https://ciencia-ciudadana.es/proyecto-cc/
188;Oficina de Ciencia Ciudadana del BCNLab;https://ciencia-ciudadana.es/proyecto-cc/oficina-de-ciencia-ciudadana-del-bcnlab/;Ciencias Sociales;Observatorio de la Ciencia Ciudadana en España;https://ciencia-ciudadana.es/proyecto-cc/
189;Motostudent;https://ciencia-ciudadana.es/proyecto-cc/motostudent/;Informática y Ciencias de la Computación;Observatorio de la Ciencia Ciudadana en España;https://ciencia-ciudadana.es/proyecto-cc/
190;Minimet;https://ciencia-ciudadana.es/proyecto-cc/minimet/;Biodiversidad, Ecología y Medioambiente, Informática y Ciencias de la Computación, Medicina y Salud;Observatorio de la Ciencia Ciudadana en España;https://ciencia-ciudadana.es/proyecto-cc/
191;Sociedad Micológica de Madrid;https://ciencia-ciudadana.es/proyecto-cc/sociedad-micologica-de-madrid/;Biodiversidad, Ecología y Medioambiente;Observatorio de la Ciencia Ciudadana en España;https://ciencia-ciudadana.es/proyecto-cc/
192;Social Impact Open Repository (SIOR);https://ciencia-ciudadana.es/proyecto-cc/social-impact-open-repository-sior/;Ciencias Sociales, Informática y Ciencias de la Computación;Observatorio de la Ciencia Ciudadana en España;https://ciencia-ciudadana.es/proyecto-cc/
193;La Aventura de Aprender;https://ciencia-ciudadana.es/proyecto-cc/la-aventura-de-aprender-2/;Ciencias Sociales;Observatorio de la Ciencia Ciudadana en España;https://ciencia-ciudadana.es/proyecto-cc/
194;Crowdfunding Zaragoza;https://ciencia-ciudadana.es/proyecto-cc/crowdfunding-zaragoza/;Ciencias Sociales;Observatorio de la Ciencia Ciudadana en España;https://ciencia-ciudadana.es/proyecto-cc/
195;Hirikilabs;https://ciencia-ciudadana.es/proyecto-cc/hirikilabs/;Ciencias Sociales, Espacio y Astronomía, Informática y Ciencias de la Computación;Observatorio de la Ciencia Ciudadana en España;https://ciencia-ciudadana.es/proyecto-cc/
196;FUNDEM;https://ciencia-ciudadana.es/proyecto-cc/fundem/;Biodiversidad, Ciencias Sociales, Ecología y Medioambiente;Observatorio de la Ciencia Ciudadana en España;https://ciencia-ciudadana.es/proyecto-cc/
197;Programa de seguimiento fenológico de la Red Española de Reservas de la Biosfera;https://ciencia-ciudadana.es/proyecto-cc/programa-de-seguimiento-fenologico-de-la-red-espanola-de-reservas-de-la-biosfera/;Biodiversidad, Ecología y Medioambiente;Observatorio de la Ciencia Ciudadana en España;https://ciencia-ciudadana.es/proyecto-cc/
198;NASAPP;https://ciencia-ciudadana.es/proyecto-cc/nasapp/;Biodiversidad, Ecología y Medioambiente;Observatorio de la Ciencia Ciudadana en España;https://ciencia-ciudadana.es/proyecto-cc/
199;Kid’s KitCar;https://ciencia-ciudadana.es/proyecto-cc/kids-kitcar/;Educación, Informática y Ciencias de la Computación;Observatorio de la Ciencia Ciudadana en España;https://ciencia-ciudadana.es/proyecto-cc/
200;Club Universitario de Buceo Granada;https://ciencia-ciudadana.es/proyecto-cc/club-universitario-de-buceo-granada/;Biodiversidad, Ecología y Medioambiente, Océanos, Agua, Marino y Terrestre;Observatorio de la Ciencia Ciudadana en España;https://ciencia-ciudadana.es/proyecto-cc/
201;TRILLO;https://ciencia-ciudadana.es/proyecto-cc/trillo/;Ciencias Sociales, Cultura y Arqueología, Informática y Ciencias de la Computación, Sonido;Observatorio de la Ciencia Ciudadana en España;https://ciencia-ciudadana.es/proyecto-cc/
202;Pint of Science;https://ciencia-ciudadana.es/proyecto-cc/pint-of-science/;Biodiversidad, Ciencias Políticas, Ciencias Sociales, Cultura y Arqueología, Espacio y Astronomía, Medicina y Salud;Observatorio de la Ciencia Ciudadana en España;https://ciencia-ciudadana.es/proyecto-cc/
203;NASA Space Apps;https://ciencia-ciudadana.es/proyecto-cc/nasa-space-apps/;Espacio y Astronomía, Informática y Ciencias de la Computación;Observatorio de la Ciencia Ciudadana en España;https://ciencia-ciudadana.es/proyecto-cc/
204;Graellsia Ecoturismo;https://ciencia-ciudadana.es/proyecto-cc/graellsia-ecoturismo/;Biodiversidad, Ecología y Medioambiente;Observatorio de la Ciencia Ciudadana en España;https://ciencia-ciudadana.es/proyecto-cc/
205;Proyecto PICA;https://ciencia-ciudadana.es/proyecto-cc/proyecto-pica/;Ciencias Sociales;Observatorio de la Ciencia Ciudadana en España;https://ciencia-ciudadana.es/proyecto-cc/
206;Lobisome Naturaleza;https://ciencia-ciudadana.es/proyecto-cc/lobisome-naturaleza/;;Observatorio de la Ciencia Ciudadana en España;https://ciencia-ciudadana.es/proyecto-cc/
207;Amigos de la Tierra;https://ciencia-ciudadana.es/proyecto-cc/amigos-de-la-tierra/;Biodiversidad, Ecología y Medioambiente, Naturaleza y Aire Libre;Observatorio de la Ciencia Ciudadana en España;https://ciencia-ciudadana.es/proyecto-cc/
208;FFPaciente;https://ciencia-ciudadana.es/proyecto-cc/ffpaciente/;Medicina y Salud;Observatorio de la Ciencia Ciudadana en España;https://ciencia-ciudadana.es/proyecto-cc/
209;Todo por la praxis;https://ciencia-ciudadana.es/proyecto-cc/todo-por-la-praxis/;Ciencias Sociales, Informática y Ciencias de la Computación;Observatorio de la Ciencia Ciudadana en España;https://ciencia-ciudadana.es/proyecto-cc/
210;Basurama;https://ciencia-ciudadana.es/proyecto-cc/basurama/;Biodiversidad, Ciencias Sociales, Ecología y Medioambiente, Naturaleza y Aire Libre;Observatorio de la Ciencia Ciudadana en España;https://ciencia-ciudadana.es/proyecto-cc/
211;Voluntariado Nacional Censo Lobo Iberico;https://ciencia-ciudadana.es/proyecto-cc/voluntariado-nacional-censo-lobo-iberico/;Animales, Biodiversidad, Ciencias de la Agricultura y Veterinaria, Ecología y Medioambiente, Naturaleza y Aire Libre;Observatorio de la Ciencia Ciudadana en España;https://ciencia-ciudadana.es/proyecto-cc/
212;Conect-e;https://ciencia-ciudadana.es/proyecto-cc/conect-e/;Biodiversidad, Ciencias Sociales, Ecología y Medioambiente;Observatorio de la Ciencia Ciudadana en España;https://ciencia-ciudadana.es/proyecto-cc/
213;La Falla Immaterial;https://ciencia-ciudadana.es/proyecto-cc/la-falla-immaterial/;Ciencias Sociales, Informática y Ciencias de la Computación;Observatorio de la Ciencia Ciudadana en España;https://ciencia-ciudadana.es/proyecto-cc/
214;Plataforma S.O.S Delta del Llobregat;https://ciencia-ciudadana.es/proyecto-cc/plataforma-s-o-s-delta-del-llobregat/;Biodiversidad, Ecología y Medioambiente;Observatorio de la Ciencia Ciudadana en España;https://ciencia-ciudadana.es/proyecto-cc/
215;Edublog Enfermería;https://ciencia-ciudadana.es/proyecto-cc/edublog-enfermeria/;Medicina y Salud;Observatorio de la Ciencia Ciudadana en España;https://ciencia-ciudadana.es/proyecto-cc/
216;La Red de Huertos Urbanos Comunitarios de Madrid;https://ciencia-ciudadana.es/proyecto-cc/la-red-de-huertos-urbanos-comunitarios-de-madrid/;Biodiversidad, Ecología y Medioambiente;Observatorio de la Ciencia Ciudadana en España;https://ciencia-ciudadana.es/proyecto-cc/
217;Cultural Resuena;https://ciencia-ciudadana.es/proyecto-cc/cultural-resuena/;Biodiversidad, Ciencias Sociales, Ecología y Medioambiente;Observatorio de la Ciencia Ciudadana en España;https://ciencia-ciudadana.es/proyecto-cc/
218;FabLab Sevilla;https://ciencia-ciudadana.es/proyecto-cc/fablab-sevilla/;Ciencias Sociales, Informática y Ciencias de la Computación;Observatorio de la Ciencia Ciudadana en España;https://ciencia-ciudadana.es/proyecto-cc/
219;Observadores del Mar;https://ciencia-ciudadana.es/proyecto-cc/observadores-del-mar/;Biodiversidad, Ecología y Medioambiente, Océanos, Agua, Marino y Terrestre;Observatorio de la Ciencia Ciudadana en España;https://ciencia-ciudadana.es/proyecto-cc/
220;Yogures;https://ciencia-ciudadana.es/proyecto-cc/yogures/;Ciencias Sociales;Observatorio de la Ciencia Ciudadana en España;https://ciencia-ciudadana.es/proyecto-cc/
221;Vigilantes del Cierzo;https://ciencia-ciudadana.es/proyecto-cc/vigilantes-del-cierzo/;;Observatorio de la Ciencia Ciudadana en España;https://ciencia-ciudadana.es/proyecto-cc/
222;OdourCollect;https://ciencia-ciudadana.es/proyecto-cc/odourcollect/;Biodiversidad, Ecología y Medioambiente, Medicina y Salud;Observatorio de la Ciencia Ciudadana en España;https://ciencia-ciudadana.es/proyecto-cc/
223;En Torno a la Silla;https://ciencia-ciudadana.es/proyecto-cc/en-torno-a-la-silla/;Ciencias Sociales, Medicina y Salud;Observatorio de la Ciencia Ciudadana en España;https://ciencia-ciudadana.es/proyecto-cc/
224;Ecologistas en Acción;https://ciencia-ciudadana.es/proyecto-cc/ecologistas-en-accion/;Animales, Biodiversidad, Ecología y Medioambiente, Gestión de Recursos Naturales, Naturaleza y Aire Libre, Océanos, Agua, Marino y Terrestre;Observatorio de la Ciencia Ciudadana en España;https://ciencia-ciudadana.es/proyecto-cc/
225;FabLab de MediaLab-Prado;https://ciencia-ciudadana.es/proyecto-cc/fablab-de-medialab-prado/;Ciencias Sociales, Informática y Ciencias de la Computación;Observatorio de la Ciencia Ciudadana en España;https://ciencia-ciudadana.es/proyecto-cc/
226;Madrid Periodismo de Datos;https://ciencia-ciudadana.es/proyecto-cc/madrid-periodismo-de-datos/;Ciencias Sociales, Informática y Ciencias de la Computación;Observatorio de la Ciencia Ciudadana en España;https://ciencia-ciudadana.es/proyecto-cc/
227;La Asociación Española de Entomología;https://ciencia-ciudadana.es/proyecto-cc/la-asociacion-espanola-de-entomologia/;Biodiversidad, Ecología y Medioambiente;Observatorio de la Ciencia Ciudadana en España;https://ciencia-ciudadana.es/proyecto-cc/
228;MakeSpace Madrid;https://ciencia-ciudadana.es/proyecto-cc/makespace-madrid/;Informática y Ciencias de la Computación;Observatorio de la Ciencia Ciudadana en España;https://ciencia-ciudadana.es/proyecto-cc/
229;SETI@Andalucía;https://ciencia-ciudadana.es/proyecto-cc/setiandalucia/;Espacio y Astronomía;Observatorio de la Ciencia Ciudadana en España;https://ciencia-ciudadana.es/proyecto-cc/
230;GPUGRID.net;https://ciencia-ciudadana.es/proyecto-cc/gpugrid-net/;Medicina y Salud;Observatorio de la Ciencia Ciudadana en España;https://ciencia-ciudadana.es/proyecto-cc/
231;Asociación española de Amigos de los Castillos (AEAC);https://ciencia-ciudadana.es/proyecto-cc/asociacion-espanola-de-amigos-de-los-castillos-aeac/;Biodiversidad, Ciencias Sociales, Cultura y Arqueología, Ecología y Medioambiente;Observatorio de la Ciencia Ciudadana en España;https://ciencia-ciudadana.es/proyecto-cc/
232;Somos Científicos ¡Sácanos de aquí!;https://ciencia-ciudadana.es/proyecto-cc/somos-cientificos-sacanos-de-aqui/;Biodiversidad, Ecología y Medioambiente, Espacio y Astronomía, Informática y Ciencias de la Computación, Medicina y Salud;Observatorio de la Ciencia Ciudadana en España;https://ciencia-ciudadana.es/proyecto-cc/
233;In the Air;https://ciencia-ciudadana.es/proyecto-cc/in-the-air/;Biodiversidad, Ecología y Medioambiente;Observatorio de la Ciencia Ciudadana en España;https://ciencia-ciudadana.es/proyecto-cc/
234;MediaLab-Prado;https://ciencia-ciudadana.es/proyecto-cc/medialab-prado/;Biodiversidad, Ciencias Sociales, Ecología y Medioambiente, Informática y Ciencias de la Computación;Observatorio de la Ciencia Ciudadana en España;https://ciencia-ciudadana.es/proyecto-cc/
235;Bajo Coste;https://ciencia-ciudadana.es/proyecto-cc/bajo-coste/;;Observatorio de la Ciencia Ciudadana en España;https://ciencia-ciudadana.es/proyecto-cc/
236;HI SCORE SCIENCE;https://ciencia-ciudadana.es/proyecto-cc/hi-score-science/;Informática y Ciencias de la Computación;Observatorio de la Ciencia Ciudadana en España;https://ciencia-ciudadana.es/proyecto-cc/
237;Instituto Español de Oceanografía;https://ciencia-ciudadana.es/proyecto-cc/instituto-espanol-de-oceanografia/;Biodiversidad, Biología, Ecología y Medioambiente, Océanos, Agua, Marino y Terrestre;Observatorio de la Ciencia Ciudadana en España;https://ciencia-ciudadana.es/proyecto-cc/
238;Vespapp;https://ciencia-ciudadana.es/proyecto-cc/vespapp/;Biodiversidad, Biología, Ecología y Medioambiente;Observatorio de la Ciencia Ciudadana en España;https://ciencia-ciudadana.es/proyecto-cc/
239;SACRE Urbano;https://ciencia-ciudadana.es/proyecto-cc/sacre-urbano/;Animales, Biodiversidad, Ecología y Medioambiente, Pájaros;Observatorio de la Ciencia Ciudadana en España;https://ciencia-ciudadana.es/proyecto-cc/
240;Asociación de Ciencias Ambientales (ACA);https://ciencia-ciudadana.es/proyecto-cc/asociacion-de-ciencias-ambientales-aca/;Biodiversidad, Ecología y Medioambiente;Observatorio de la Ciencia Ciudadana en España;https://ciencia-ciudadana.es/proyecto-cc/
241;Esta es una Plaza;https://ciencia-ciudadana.es/proyecto-cc/esta-es-una-plaza/;Biodiversidad, Ciencias Sociales, Ecología y Medioambiente, Educación, Gestión de Recursos Naturales;Observatorio de la Ciencia Ciudadana en España;https://ciencia-ciudadana.es/proyecto-cc/
242;Vivero de Iniciativas Ciudadanas (VIC);https://ciencia-ciudadana.es/proyecto-cc/vivero-de-iniciativas-ciudadanas-vic/;Ciencias Sociales, Educación;Observatorio de la Ciencia Ciudadana en España;https://ciencia-ciudadana.es/proyecto-cc/
243;Agrupación Astronómica de Madrid (AAM);https://ciencia-ciudadana.es/proyecto-cc/agrupacion-astronomica-de-madrid-aam/;Espacio y Astronomía;Observatorio de la Ciencia Ciudadana en España;https://ciencia-ciudadana.es/proyecto-cc/
244;Asociación Española de amigos a la Arqueología;https://ciencia-ciudadana.es/proyecto-cc/asociacion-espanola-de-amigos-a-la-arqueologia/;Biodiversidad, Ciencias Sociales, Cultura y Arqueología, Ecología y Medioambiente;Observatorio de la Ciencia Ciudadana en España;https://ciencia-ciudadana.es/proyecto-cc/
245;Feminicidio.net;https://ciencia-ciudadana.es/proyecto-cc/feminicidio-net/;Ciencias Sociales, Informática y Ciencias de la Computación, Medicina y Salud;Observatorio de la Ciencia Ciudadana en España;https://ciencia-ciudadana.es/proyecto-cc/
246;Autofabricantes;https://ciencia-ciudadana.es/proyecto-cc/autofabricantes/;Ecología y Medioambiente, Informática y Ciencias de la Computación, Medicina y Salud;Observatorio de la Ciencia Ciudadana en España;https://ciencia-ciudadana.es/proyecto-cc/
247;Cadáveres inmobiliarios;https://ciencia-ciudadana.es/proyecto-cc/cadaveres-inmobiliarios/;Ciencias Sociales, Cultura y Arqueología;Observatorio de la Ciencia Ciudadana en España;https://ciencia-ciudadana.es/proyecto-cc/
248;Sociedad Ibérica para el Estudio y la Conservación de los Ecosistemas (SIECE),;https://ciencia-ciudadana.es/proyecto-cc/sociedad-iberica-para-el-estudio-y-la-conservacion-de-los-ecosistemas-siece/;Biodiversidad, Ecología y Medioambiente, Informática y Ciencias de la Computación;Observatorio de la Ciencia Ciudadana en España;https://ciencia-ciudadana.es/proyecto-cc/
249;Milmots;https://ciencia-ciudadana.es/proyecto-cc/milmots/;Ciencias Sociales, Informática y Ciencias de la Computación;Observatorio de la Ciencia Ciudadana en España;https://ciencia-ciudadana.es/proyecto-cc/
250;Campamentos científicos;https://ciencia-ciudadana.es/proyecto-cc/campamentos-cientificos/;Biodiversidad, Ciencias Sociales, Ecología y Medioambiente, Espacio y Astronomía, Informática y Ciencias de la Computación;Observatorio de la Ciencia Ciudadana en España;https://ciencia-ciudadana.es/proyecto-cc/
251;ESCIENCIA;https://ciencia-ciudadana.es/proyecto-cc/esciencia/;Ciencias Sociales, Informática y Ciencias de la Computación;Observatorio de la Ciencia Ciudadana en España;https://ciencia-ciudadana.es/proyecto-cc/
252;Melanogaster: catch the fly!;https://ciencia-ciudadana.es/proyecto-cc/melanogaster-catch-the-fly/;Biodiversidad, Ecología y Medioambiente, Medicina y Salud;Observatorio de la Ciencia Ciudadana en España;https://ciencia-ciudadana.es/proyecto-cc/
253;MalariaSpot;https://ciencia-ciudadana.es/proyecto-cc/malariaspot/;Biodiversidad, Ecología y Medioambiente, Insectos y Polinizadores, Medicina y Salud;Observatorio de la Ciencia Ciudadana en España;https://ciencia-ciudadana.es/proyecto-cc/
254;Convocatoria CeSAr-Etopia Labs;https://ciencia-ciudadana.es/proyecto-cc/convocatoria-cesar-etopia-labs/;Biología, Ciencias Sociales, Ecología y Medioambiente, Educación, Sonido;Observatorio de la Ciencia Ciudadana en España;https://ciencia-ciudadana.es/proyecto-cc/
255;Fundación Española para la Ciencia y la Tecnología;https://ciencia-ciudadana.es/proyecto-cc/fundacion-espanola-para-la-ciencia-y-la-tecnologia/;Animales, Biodiversidad, Biogeografía, Biología, Ciencia de los Alimentos, Ciencias de la Agricultura y Veterinaria, Ciencias Políticas, Ciencias Químicas, Ciencias Sociales, Clima y Meteorología, Cultura y Arqueología, Culturas Indígenas, Ecología y Medioambiente, Educación, Espacio y Astronomía, Física, Genética, Geografía, Geología y Ciencias de la Tierra, Gestión de Recursos Naturales, Informática y Ciencias de la Computación, Insectos y Polinizadores, Medicina y Salud, Naturaleza y Aire Libre, Océanos, Agua, Marino y Terrestre, Pájaros, Seguimiento de Especies a largo plazo, Sonido, Transporte;Observatorio de la Ciencia Ciudadana en España;https://ciencia-ciudadana.es/proyecto-cc/
256;Asociación Fotografía y Biodiversidad;https://ciencia-ciudadana.es/proyecto-cc/asociacion-fotografia-y-biodiversidad/;Biodiversidad, Biología, Pájaros;Observatorio de la Ciencia Ciudadana en España;https://ciencia-ciudadana.es/proyecto-cc/
257;&DIGITALFAB;https://ciencia-ciudadana.es/proyecto-cc/digitalfab/;Biodiversidad, Ciencias Sociales, Ecología y Medioambiente;Observatorio de la Ciencia Ciudadana en España;https://ciencia-ciudadana.es/proyecto-cc/
258;Proyecto Hippoparques;https://ciencia-ciudadana.es/proyecto-cc/proyecto-hippoparques/;Biodiversidad, Biología, Ecología y Medioambiente, Océanos, Agua, Marino y Terrestre;Observatorio de la Ciencia Ciudadana en España;https://ciencia-ciudadana.es/proyecto-cc/
259;Vespa Velutina;https://ciencia-ciudadana.es/proyecto-cc/vespa-velutina/;Biodiversidad, Ecología y Medioambiente, Insectos y Polinizadores;Observatorio de la Ciencia Ciudadana en España;https://ciencia-ciudadana.es/proyecto-cc/
260;Seo/Birdlife;https://ciencia-ciudadana.es/proyecto-cc/seo-birdlife/;Biodiversidad, Ecología y Medioambiente, Pájaros, Seguimiento de Especies a largo plazo;Observatorio de la Ciencia Ciudadana en España;https://ciencia-ciudadana.es/proyecto-cc/
261;IASTracker;https://ciencia-ciudadana.es/proyecto-cc/iastracker/;Biodiversidad, Ecología y Medioambiente, Naturaleza y Aire Libre, Seguimiento de Especies a largo plazo;Observatorio de la Ciencia Ciudadana en España;https://ciencia-ciudadana.es/proyecto-cc/
262;FenoDato;https://ciencia-ciudadana.es/proyecto-cc/fenodato/;Biodiversidad, Ecología y Medioambiente, Informática y Ciencias de la Computación;Observatorio de la Ciencia Ciudadana en España;https://ciencia-ciudadana.es/proyecto-cc/
263;LINEEX;https://ciencia-ciudadana.es/proyecto-cc/lineex/;Ciencias Sociales;Observatorio de la Ciencia Ciudadana en España;https://ciencia-ciudadana.es/proyecto-cc/
264;Fundación Limne;https://ciencia-ciudadana.es/proyecto-cc/fundacion-limne/;Biodiversidad, Ecología y Medioambiente;Observatorio de la Ciencia Ciudadana en España;https://ciencia-ciudadana.es/proyecto-cc/
265;Tercer Milenio;https://ciencia-ciudadana.es/proyecto-cc/tercer-milenio/;Informática y Ciencias de la Computación;Observatorio de la Ciencia Ciudadana en España;https://ciencia-ciudadana.es/proyecto-cc/
266;Forest112;https://ciencia-ciudadana.es/proyecto-cc/forest112/;Animales, Biodiversidad, Ecología y Medioambiente, Seguimiento de Especies a largo plazo;Observatorio de la Ciencia Ciudadana en España;https://ciencia-ciudadana.es/proyecto-cc/
267;VISHUB;https://ciencia-ciudadana.es/proyecto-cc/vishub/;Educación;Observatorio de la Ciencia Ciudadana en España;https://ciencia-ciudadana.es/proyecto-cc/
268;EXPLOREAT;https://ciencia-ciudadana.es/proyecto-cc/exploreat/;Ciencias Sociales;Observatorio de la Ciencia Ciudadana en España;https://ciencia-ciudadana.es/proyecto-cc/
269;Mosquito Alert;https://ciencia-ciudadana.es/proyecto-cc/mosquito-alert-2/;Biodiversidad, Medicina y Salud;Observatorio de la Ciencia Ciudadana en España;https://ciencia-ciudadana.es/proyecto-cc/
270;Saca La Lengua;https://ciencia-ciudadana.es/proyecto-cc/saca-la-lengua/;Biología, Medicina y Salud;Observatorio de la Ciencia Ciudadana en España;https://ciencia-ciudadana.es/proyecto-cc/
271;Galletas;https://ciencia-ciudadana.es/proyecto-cc/galletas/;Ciencias Sociales;Observatorio de la Ciencia Ciudadana en España;https://ciencia-ciudadana.es/proyecto-cc/
272;El dilema del prisionero;https://ciencia-ciudadana.es/proyecto-cc/el-dilema-del-prisionero/;Ciencias Sociales, Educación;Observatorio de la Ciencia Ciudadana en España;https://ciencia-ciudadana.es/proyecto-cc/
273;Lepides;https://ciencia-ciudadana.es/proyecto-cc/lepides/;Biodiversidad;Observatorio de la Ciencia Ciudadana en España;https://ciencia-ciudadana.es/proyecto-cc/
274;GOBIERNO ABIERTO;https://ciencia-ciudadana.es/proyecto-cc/gobierno-abierto/;Ciencias Políticas, Ciencias Sociales;Observatorio de la Ciencia Ciudadana en España;https://ciencia-ciudadana.es/proyecto-cc/
275;ALMUDENA DE LA ENCARNACIÓN BEDOYA.;https://ciencia-ciudadana.es/proyecto-cc/almudena-de-la-encarnacion-bedoya/;Espacio y Astronomía, Informática y Ciencias de la Computación;Observatorio de la Ciencia Ciudadana en España;https://ciencia-ciudadana.es/proyecto-cc/
276;Laboral Centro de Arte y Creación Industrial;https://ciencia-ciudadana.es/proyecto-cc/laboral-centro-de-arte-y-creacion-industrial/;Ciencias Sociales;Observatorio de la Ciencia Ciudadana en España;https://ciencia-ciudadana.es/proyecto-cc/
277;AZUCENA GRACIA ROYO;https://ciencia-ciudadana.es/proyecto-cc/azucena-gracia-royo/;Ciencia de los Alimentos;Observatorio de la Ciencia Ciudadana en España;https://ciencia-ciudadana.es/proyecto-cc/
278;Civitas;https://ciencia-ciudadana.es/proyecto-cc/civitas/;Ciencias Sociales;Observatorio de la Ciencia Ciudadana en España;https://ciencia-ciudadana.es/proyecto-cc/
279;Sun4all;https://ciencia-ciudadana.es/proyecto-cc/sun4all/;Espacio y Astronomía;Observatorio de la Ciencia Ciudadana en España;https://ciencia-ciudadana.es/proyecto-cc/
280;Canal Boinc;https://ciencia-ciudadana.es/proyecto-cc/canal-boinc/;Informática y Ciencias de la Computación, Medicina y Salud;Observatorio de la Ciencia Ciudadana en España;https://ciencia-ciudadana.es/proyecto-cc/
281;Núria Ferran;https://ciencia-ciudadana.es/proyecto-cc/nuria-ferran/;Ciencias Sociales;Observatorio de la Ciencia Ciudadana en España;https://ciencia-ciudadana.es/proyecto-cc/
282;EGI-Engage;https://ciencia-ciudadana.es/proyecto-cc/egi-engage/;Biodiversidad, Ecología y Medioambiente;Observatorio de la Ciencia Ciudadana en España;https://ciencia-ciudadana.es/proyecto-cc/
283;Public Lab;https://ciencia-ciudadana.es/proyecto-cc/public-lab/;Biodiversidad, Ecología y Medioambiente, Informática y Ciencias de la Computación;Observatorio de la Ciencia Ciudadana en España;https://ciencia-ciudadana.es/proyecto-cc/
284;Scichallenge;https://ciencia-ciudadana.es/proyecto-cc/scichallenge/;Biodiversidad, Ecología y Medioambiente, Educación;Observatorio de la Ciencia Ciudadana en España;https://ciencia-ciudadana.es/proyecto-cc/
285;Scientia blog;https://ciencia-ciudadana.es/proyecto-cc/scientia-blog/;Biodiversidad, Biología, Ciencia de los Alimentos, Ciencias de la Agricultura y Veterinaria, Ciencias Químicas, Ecología y Medioambiente, Educación, Espacio y Astronomía, Física, Genética, Geografía, Medicina y Salud;Observatorio de la Ciencia Ciudadana en España;https://ciencia-ciudadana.es/proyecto-cc/
286;ZIVIS;https://ciencia-ciudadana.es/proyecto-cc/zivis/;Informática y Ciencias de la Computación, Medicina y Salud;Observatorio de la Ciencia Ciudadana en España;https://ciencia-ciudadana.es/proyecto-cc/
287;Centro de Investigación y Tecnología Agroalimentaria de Aragón -CITA-;https://ciencia-ciudadana.es/proyecto-cc/centro-de-investigacion-y-tecnologia-agroalimentaria-de-aragon-cita/;Animales, Biodiversidad, Biología, Ciencia de los Alimentos, Ciencias de la Agricultura y Veterinaria;Observatorio de la Ciencia Ciudadana en España;https://ciencia-ciudadana.es/proyecto-cc/
288;Cell Spotting;https://ciencia-ciudadana.es/proyecto-cc/cell-spotting-2/;Medicina y Salud;Observatorio de la Ciencia Ciudadana en España;https://ciencia-ciudadana.es/proyecto-cc/
289;Open Digital Science;https://ciencia-ciudadana.es/proyecto-cc/open-digital-science/;Informática y Ciencias de la Computación;Observatorio de la Ciencia Ciudadana en España;https://ciencia-ciudadana.es/proyecto-cc/
290;SMART OPEN LAB;https://ciencia-ciudadana.es/proyecto-cc/smart-open-lab/;Informática y Ciencias de la Computación;Observatorio de la Ciencia Ciudadana en España;https://ciencia-ciudadana.es/proyecto-cc/
291;Gripenet;https://ciencia-ciudadana.es/proyecto-cc/gripenet/;Medicina y Salud;Observatorio de la Ciencia Ciudadana en España;https://ciencia-ciudadana.es/proyecto-cc/
292;Aula en red;https://ciencia-ciudadana.es/proyecto-cc/aula-en-red/;Educación, Informática y Ciencias de la Computación;Observatorio de la Ciencia Ciudadana en España;https://ciencia-ciudadana.es/proyecto-cc/
293;BIFI;https://ciencia-ciudadana.es/proyecto-cc/bifi/;Física, Informática y Ciencias de la Computación;Observatorio de la Ciencia Ciudadana en España;https://ciencia-ciudadana.es/proyecto-cc/
294;Obra Social La Caixa;https://ciencia-ciudadana.es/proyecto-cc/obra-social-la-caixa/;Biodiversidad, Ecología y Medioambiente, Medicina y Salud;Observatorio de la Ciencia Ciudadana en España;https://ciencia-ciudadana.es/proyecto-cc/
295;Cluster Tecnara;https://ciencia-ciudadana.es/proyecto-cc/cluster-tecnara/;Informática y Ciencias de la Computación;Observatorio de la Ciencia Ciudadana en España;https://ciencia-ciudadana.es/proyecto-cc/
296;MedMIS;https://ciencia-ciudadana.es/proyecto-cc/medmis/;Biodiversidad, Ecología y Medioambiente;Observatorio de la Ciencia Ciudadana en España;https://ciencia-ciudadana.es/proyecto-cc/
297;Colegio Juan de Lanuza;https://ciencia-ciudadana.es/proyecto-cc/colegio-juan-de-lanuza/;Biodiversidad, Espacio y Astronomía, Informática y Ciencias de la Computación, Medicina y Salud;Observatorio de la Ciencia Ciudadana en España;https://ciencia-ciudadana.es/proyecto-cc/
298;ANTONELLA BROGLIA;https://ciencia-ciudadana.es/proyecto-cc/antonella-broglia/;;Observatorio de la Ciencia Ciudadana en España;https://ciencia-ciudadana.es/proyecto-cc/
299;RESEARCH TRANSFER GROUP;https://ciencia-ciudadana.es/proyecto-cc/research-transfer-group/;;Observatorio de la Ciencia Ciudadana en España;https://ciencia-ciudadana.es/proyecto-cc/
300;Etopia Ciudadana;https://ciencia-ciudadana.es/proyecto-cc/etopia-ciudadana/;Ciencias Sociales, Informática y Ciencias de la Computación;Observatorio de la Ciencia Ciudadana en España;https://ciencia-ciudadana.es/proyecto-cc/
301;Materiales;https://ciencia-ciudadana.es/proyecto-cc/materiales/;Informática y Ciencias de la Computación;Observatorio de la Ciencia Ciudadana en España;https://ciencia-ciudadana.es/proyecto-cc/
302;DOCKING;https://ciencia-ciudadana.es/proyecto-cc/docking/;Informática y Ciencias de la Computación, Medicina y Salud;Observatorio de la Ciencia Ciudadana en España;https://ciencia-ciudadana.es/proyecto-cc/
303;Aqua;https://ciencia-ciudadana.es/proyecto-cc/aqua/;Biología, Ecología y Medioambiente;Observatorio de la Ciencia Ciudadana en España;https://ciencia-ciudadana.es/proyecto-cc/
304;BIOPHYM-Biophysic of Macromolecular Systems;https://ciencia-ciudadana.es/proyecto-cc/biophym-biophysic-of-macromolecular-systems/;;Observatorio de la Ciencia Ciudadana en España;https://ciencia-ciudadana.es/proyecto-cc/
305;FERNANDO BORGIA;https://ciencia-ciudadana.es/proyecto-cc/fernando-borgia/;Ciencias Sociales;Observatorio de la Ciencia Ciudadana en España;https://ciencia-ciudadana.es/proyecto-cc/
306;Smart Citizen;https://ciencia-ciudadana.es/proyecto-cc/smart-citizen/;Informática y Ciencias de la Computación;Observatorio de la Ciencia Ciudadana en España;https://ciencia-ciudadana.es/proyecto-cc/
307;AcercaCiencia;https://ciencia-ciudadana.es/proyecto-cc/acercaciencia/;Ciencias Sociales;Observatorio de la Ciencia Ciudadana en España;https://ciencia-ciudadana.es/proyecto-cc/
308;HEART HEALTHY HOODS;https://ciencia-ciudadana.es/proyecto-cc/heart-healthy-hoods/;Medicina y Salud;Observatorio de la Ciencia Ciudadana en España;https://ciencia-ciudadana.es/proyecto-cc/
309;«FLOODUP. Explorando nuestra resiliencia frente a las inundaciones”;https://ciencia-ciudadana.es/proyecto-cc/floodup-explorando-nuestra-resiliencia-frente-a-las-inundaciones/;Biodiversidad, Ecología y Medioambiente;Observatorio de la Ciencia Ciudadana en España;https://ciencia-ciudadana.es/proyecto-cc/
310;Infoparticipa;https://ciencia-ciudadana.es/proyecto-cc/infoparticipa/;Ciencias Sociales;Observatorio de la Ciencia Ciudadana en España;https://ciencia-ciudadana.es/proyecto-cc/
311;Cicada.cat;https://ciencia-ciudadana.es/proyecto-cc/cicada-cat/;Biodiversidad, Ecología y Medioambiente;Observatorio de la Ciencia Ciudadana en España;https://ciencia-ciudadana.es/proyecto-cc/
312;Jam Science;https://ciencia-ciudadana.es/proyecto-cc/jam-science/;Biodiversidad, Ciencias Sociales, Ecología y Medioambiente, Espacio y Astronomía, Informática y Ciencias de la Computación, Medicina y Salud;Observatorio de la Ciencia Ciudadana en España;https://ciencia-ciudadana.es/proyecto-cc/
313;Asociación ZERYNTHIA;https://ciencia-ciudadana.es/proyecto-cc/asociacion-zerynthia/;Biodiversidad, Ecología y Medioambiente;Observatorio de la Ciencia Ciudadana en España;https://ciencia-ciudadana.es/proyecto-cc/
314;Planetario CETA-CIEMAT;https://ciencia-ciudadana.es/proyecto-cc/planetario-ceta-ciemat/;Espacio y Astronomía;Observatorio de la Ciencia Ciudadana en España;https://ciencia-ciudadana.es/proyecto-cc/
315;ICO-Instituto Catalán de Ornitología;https://ciencia-ciudadana.es/proyecto-cc/ico-instituto-catalan-de-ornitologia/;Biodiversidad, Ecología y Medioambiente, Pájaros;Observatorio de la Ciencia Ciudadana en España;https://ciencia-ciudadana.es/proyecto-cc/
316;SCIENCE HACK DAY;https://ciencia-ciudadana.es/proyecto-cc/science-hack-day/;Informática y Ciencias de la Computación;Observatorio de la Ciencia Ciudadana en España;https://ciencia-ciudadana.es/proyecto-cc/
317;XPLORE HEALT – MENT SANA;https://ciencia-ciudadana.es/proyecto-cc/xplore-healt-ment-sana/;Educación, Medicina y Salud;Observatorio de la Ciencia Ciudadana en España;https://ciencia-ciudadana.es/proyecto-cc/
318;Laboratorio Jurídico Empresarial;https://ciencia-ciudadana.es/proyecto-cc/laboratorio-juridico-empresarial/;Ciencias Sociales;Observatorio de la Ciencia Ciudadana en España;https://ciencia-ciudadana.es/proyecto-cc/
319;RiuNet;https://ciencia-ciudadana.es/proyecto-cc/riunet/;Biología, Ecología y Medioambiente, Océanos, Agua, Marino y Terrestre;Observatorio de la Ciencia Ciudadana en España;https://ciencia-ciudadana.es/proyecto-cc/
320;SOC. GADITANA DE HISTORIA NATURAL;https://ciencia-ciudadana.es/proyecto-cc/soc-gaditana-de-historia-natural/;Animales, Biodiversidad, Biología, Ecología y Medioambiente, Pájaros;Observatorio de la Ciencia Ciudadana en España;https://ciencia-ciudadana.es/proyecto-cc/
321;Crowdcrafting;https://ciencia-ciudadana.es/proyecto-cc/crowdcrafting/;Informática y Ciencias de la Computación;Observatorio de la Ciencia Ciudadana en España;https://ciencia-ciudadana.es/proyecto-cc/
322;Bernat Claramunt López;https://ciencia-ciudadana.es/proyecto-cc/bernat-claramunt-lopez/;Biodiversidad, Ecología y Medioambiente;Observatorio de la Ciencia Ciudadana en España;https://ciencia-ciudadana.es/proyecto-cc/
323;ESAIRE;https://ciencia-ciudadana.es/proyecto-cc/esaire/;Ciencias Sociales, Ecología y Medioambiente;Observatorio de la Ciencia Ciudadana en España;https://ciencia-ciudadana.es/proyecto-cc/
324;Citclops;https://ciencia-ciudadana.es/proyecto-cc/citclops/;Biodiversidad, Ecología y Medioambiente;Observatorio de la Ciencia Ciudadana en España;https://ciencia-ciudadana.es/proyecto-cc/
325;RED DE PARTICIPACIÓN EN CIENCIA CIUDADANA;https://ciencia-ciudadana.es/proyecto-cc/red-de-participacion-en-ciencia-ciudadana/;Animales, Biodiversidad, Biología, Ecología y Medioambiente;Observatorio de la Ciencia Ciudadana en España;https://ciencia-ciudadana.es/proyecto-cc/
326;DENIS;https://ciencia-ciudadana.es/proyecto-cc/denis/;Informática y Ciencias de la Computación;Observatorio de la Ciencia Ciudadana en España;https://ciencia-ciudadana.es/proyecto-cc/
327;RESECOM;https://ciencia-ciudadana.es/proyecto-cc/resecom/;Biodiversidad, Biología, Clima y Meteorología, Ecología y Medioambiente, Educación, Naturaleza y Aire Libre;Observatorio de la Ciencia Ciudadana en España;https://ciencia-ciudadana.es/proyecto-cc/
328;Open Curiosity;https://ciencia-ciudadana.es/proyecto-cc/open-curiosity/;Educación, Informática y Ciencias de la Computación;Observatorio de la Ciencia Ciudadana en España;https://ciencia-ciudadana.es/proyecto-cc/
329;Ojo a las invasoras;https://ciencia-ciudadana.es/proyecto-cc/ojo-invasaroas/;Biodiversidad, Biología, Océanos, Agua, Marino y Terrestre;Observatorio de la Ciencia Ciudadana en España;https://ciencia-ciudadana.es/proyecto-cc/
330;Vivencia Dehesa;https://ciencia-ciudadana.es/proyecto-cc/vivencia-dehesa/;Biodiversidad, Ecología y Medioambiente;Observatorio de la Ciencia Ciudadana en España;https://ciencia-ciudadana.es/proyecto-cc/
331;Obsea;https://ciencia-ciudadana.es/proyecto-cc/obsea/;Biodiversidad, Ecología y Medioambiente;Observatorio de la Ciencia Ciudadana en España;https://ciencia-ciudadana.es/proyecto-cc/
332;Urracas Urbanas;https://ciencia-ciudadana.es/proyecto-cc/urracas-urbanas/;;Observatorio de la Ciencia Ciudadana en España;https://ciencia-ciudadana.es/proyecto-cc/
333;PROJECT Q;https://ciencia-ciudadana.es/proyecto-cc/project-q/;Ciencias Sociales, Informática y Ciencias de la Computación;Observatorio de la Ciencia Ciudadana en España;https://ciencia-ciudadana.es/proyecto-cc/
334;MAKERONI LABS TEAM;https://ciencia-ciudadana.es/proyecto-cc/makeroni-labs-team/;Informática y Ciencias de la Computación;Observatorio de la Ciencia Ciudadana en España;https://ciencia-ciudadana.es/proyecto-cc/
335;MARduino;https://ciencia-ciudadana.es/proyecto-cc/marduino/;Biodiversidad, Ecología y Medioambiente, Océanos, Agua, Marino y Terrestre;Observatorio de la Ciencia Ciudadana en España;https://ciencia-ciudadana.es/proyecto-cc/
336;ÓSCAR DÍAZ;https://ciencia-ciudadana.es/proyecto-cc/oscar-diaz/;;Observatorio de la Ciencia Ciudadana en España;https://ciencia-ciudadana.es/proyecto-cc/
337;Socientize;https://ciencia-ciudadana.es/proyecto-cc/socientize/;Ciencias Sociales;Observatorio de la Ciencia Ciudadana en España;https://ciencia-ciudadana.es/proyecto-cc/
338;Aficca;https://ciencia-ciudadana.es/proyecto-cc/aficca/;Informática y Ciencias de la Computación;Observatorio de la Ciencia Ciudadana en España;https://ciencia-ciudadana.es/proyecto-cc/
339;Fundación Ibercivis;https://ciencia-ciudadana.es/proyecto-cc/fundacion-ibercivis/;Animales, Biogeografía, Biología, Ciencia de los Alimentos, Ciencias de la Agricultura y Veterinaria, Ciencias Políticas, Ciencias Químicas, Ciencias Sociales, Clima y Meteorología, Cultura y Arqueología, Ecología y Medioambiente, Educación, Espacio y Astronomía, Física, Genética, Geografía, Geología y Ciencias de la Tierra, Gestión de Recursos Naturales, Informática y Ciencias de la Computación, Insectos y Polinizadores, Medicina y Salud, Naturaleza y Aire Libre, Océanos, Agua, Marino y Terrestre, Pájaros, Seguimiento de Especies a largo plazo, Sonido, Transporte;Observatorio de la Ciencia Ciudadana en España;https://ciencia-ciudadana.es/proyecto-cc/
340;Zaragoza Activa;https://ciencia-ciudadana.es/proyecto-cc/zaragoza-activa/;Educación;Observatorio de la Ciencia Ciudadana en España;https://ciencia-ciudadana.es/proyecto-cc/
341;Beepath;https://www.barcelona.cat/barcelonaciencia/es/ciencia-en-la-ciudad/la-ciencia-y-la-ciudadania/ciencia-ciudadana/beepath;social.;Ciencia Ciudadana Ayuntamiento de Barcelona;https://www.barcelona.cat/barcelonaciencia/es/ciencia-en-la-ciudad/la-ciencia-y-la-ciudadania/ciencia-ciudadana
342;BioBlitz Barris;https://www.barcelona.cat/barcelonaciencia/es/ciencia-la-ciutat/la-ciencia-i-la-ciutadania/ciencia-ciutadana/bioblitz-barris;ambiental.;Ciencia Ciudadana Ayuntamiento de Barcelona;https://www.barcelona.cat/barcelonaciencia/es/ciencia-en-la-ciudad/la-ciencia-y-la-ciudadania/ciencia-ciudadana
343;InSPIRES;https://www.barcelona.cat/barcelonaciencia/es/ciencia-la-ciutat/la-ciencia-i-la-ciutadania/ciencia-ciutadana/inspires;social.;Ciencia Ciudadana Ayuntamiento de Barcelona;https://www.barcelona.cat/barcelonaciencia/es/ciencia-en-la-ciudad/la-ciencia-y-la-ciudadania/ciencia-ciudadana
344;Juegos para el Cambio Social;https://www.barcelona.cat/barcelonaciencia/es/ciencia-la-ciutat/la-ciencia-i-la-ciutadania/ciencia-ciutadana/juegos-para-el-cambio-social;social.;Ciencia Ciudadana Ayuntamiento de Barcelona;https://www.barcelona.cat/barcelonaciencia/es/ciencia-en-la-ciudad/la-ciencia-y-la-ciudadania/ciencia-ciudadana
345;Líquenes de Barcelona;https://www.barcelona.cat/barcelonaciencia/es/ciencia-la-ciutat/la-ciencia-i-la-ciutadania/ciencia-ciutadana/liquenes-de-barcelona;ambiental.;Ciencia Ciudadana Ayuntamiento de Barcelona;https://www.barcelona.cat/barcelonaciencia/es/ciencia-en-la-ciudad/la-ciencia-y-la-ciudadania/ciencia-ciudadana
346;Mapa Sonoro de Barcelona;https://www.barcelona.cat/barcelonaciencia/es/ciencia-la-ciutat/la-ciencia-i-la-ciutadania/ciencia-ciutadana/mapa-sonoro-de-barcelona;ambiental, salud.;Ciencia Ciudadana Ayuntamiento de Barcelona;https://www.barcelona.cat/barcelonaciencia/es/ciencia-en-la-ciudad/la-ciencia-y-la-ciudadania/ciencia-ciudadana
347;Plant*tes;https://www.barcelona.cat/barcelonaciencia/es/ciencia-la-ciutat/la-ciencia-i-la-ciutadania/ciencia-ciutadana/planttes;ambiental, salud.;Ciencia Ciudadana Ayuntamiento de Barcelona;https://www.barcelona.cat/barcelonaciencia/es/ciencia-en-la-ciudad/la-ciencia-y-la-ciudadania/ciencia-ciudadana
348;Ritme Natura;https://www.barcelona.cat/barcelonaciencia/es/ciencia-la-ciutat/la-ciencia-i-la-ciutadania/ciencia-ciutadana/ritme-natura;ambiental.;Ciencia Ciudadana Ayuntamiento de Barcelona;https://www.barcelona.cat/barcelonaciencia/es/ciencia-en-la-ciudad/la-ciencia-y-la-ciudadania/ciencia-ciudadana
349;WeCount;https://www.barcelona.cat/barcelonaciencia/es/ciencia-la-ciutat/la-ciencia-i-la-ciutadania/ciencia-ciutadana/wecount;salud.;Ciencia Ciudadana Ayuntamiento de Barcelona;https://www.barcelona.cat/barcelonaciencia/es/ciencia-en-la-ciudad/la-ciencia-y-la-ciudadania/ciencia-ciudadana
350;Red de Observadores Meteorológicos;https://www.barcelona.cat/barcelonaciencia/es/ciencia-la-ciutat/la-ciencia-i-la-ciutadania/ciencia-ciutadana/red-de-observadores-meteorologicos;;Ciencia Ciudadana Ayuntamiento de Barcelona;https://www.barcelona.cat/barcelonaciencia/es/ciencia-en-la-ciudad/la-ciencia-y-la-ciudadania/ciencia-ciudadana
351;Citi-Sense;https://www.barcelona.cat/barcelonaciencia/es/ciencia-la-ciutat/la-ciencia-i-la-ciutadania/ciencia-ciutadana/citi-sense;salud;Ciencia Ciudadana Ayuntamiento de Barcelona;https://www.barcelona.cat/barcelonaciencia/es/ciencia-en-la-ciudad/la-ciencia-y-la-ciudadania/ciencia-ciudadana
352;Ciencia ciudadana en los barrios;https://www.barcelona.cat/barcelonaciencia/es/ciencia-en-la-ciudad/la-ciencia-y-la-ciudadania/ciencia-ciudadana/ciencia-ciudadana-en-los-barrios;;Ciencia Ciudadana Ayuntamiento de Barcelona;https://www.barcelona.cat/barcelonaciencia/es/ciencia-en-la-ciudad/la-ciencia-y-la-ciudadania/ciencia-ciudadana
353;Ciencia Ciudadana en las Escuelas;https://www.barcelona.cat/barcelonaciencia/es/ciencia-en-la-ciudad/la-ciencia-y-la-ciudadania/ciencia-ciudadana/ciencia-ciudadana-en-las-escuelas;;Ciencia Ciudadana Ayuntamiento de Barcelona;https://www.barcelona.cat/barcelonaciencia/es/ciencia-en-la-ciudad/la-ciencia-y-la-ciudadania/ciencia-ciudadana
